generic_name,sum,population,overdose_deaths,county,fipscounty
ACETAMINOPHEN WITH CODEINE,89.0,5071.0,1.0,PICKETT,47137
ACETAMINOPHEN WITH CODEINE,50.0,5675.0,0.0,VAN BUREN,47175
ACETAMINOPHEN WITH CODEINE,188.0,6605.0,3.0,HANCOCK,47067
ACETAMINOPHEN WITH CODEINE,58.0,7684.0,2.0,CLAY,47027
ACETAMINOPHEN WITH CODEINE,145.0,7882.0,1.0,PERRY,47135
ACETAMINOPHEN WITH CODEINE,14.0,8188.0,1.0,HOUSTON,47083
ACETAMINOPHEN WITH CODEINE,13.0,11573.0,2.0,JACKSON,47087
ACETAMINOPHEN WITH CODEINE,114.0,11681.0,0.0,DECATUR,47039
ACETAMINOPHEN WITH CODEINE,145.0,11944.0,2.0,LEWIS,47101
ACETAMINOPHEN WITH CODEINE,27.0,13248.0,0.0,STEWART,47161
ACETAMINOPHEN WITH CODEINE,98.0,13839.0,3.0,CANNON,47015
ACETAMINOPHEN WITH CODEINE,165.0,14413.0,2.0,BLEDSOE,47007
ACETAMINOPHEN WITH CODEINE,17.0,14554.0,0.0,CROCKETT,47033
ACETAMINOPHEN WITH CODEINE,30.0,14654.0,3.0,SEQUATCHIE,47153
ACETAMINOPHEN WITH CODEINE,44.0,16154.0,5.0,BENTON,47005
ACETAMINOPHEN WITH CODEINE,108.0,16713.0,0.0,WAYNE,47181
ACETAMINOPHEN WITH CODEINE,29.0,16722.0,2.0,POLK,47139
ACETAMINOPHEN WITH CODEINE,198.0,17097.0,1.0,CHESTER,47023
ACETAMINOPHEN WITH CODEINE,35.0,17830.0,7.0,UNICOI,47171
ACETAMINOPHEN WITH CODEINE,246.0,17846.0,1.0,JOHNSON,47091
ACETAMINOPHEN WITH CODEINE,352.0,17940.0,1.0,FENTRESS,47049
ACETAMINOPHEN WITH CODEINE,518.0,17944.0,0.0,HAYWOOD,47075
ACETAMINOPHEN WITH CODEINE,104.0,18281.0,4.0,HUMPHREYS,47085
ACETAMINOPHEN WITH CODEINE,223.0,19176.0,4.0,UNION,47173
ACETAMINOPHEN WITH CODEINE,119.0,19279.0,2.0,SMITH,47159
ACETAMINOPHEN WITH CODEINE,51.0,19380.0,7.0,DE KALB,47041
ACETAMINOPHEN WITH CODEINE,11.0,21639.0,3.0,MORGAN,47129
ACETAMINOPHEN WITH CODEINE,178.0,21949.0,2.0,SCOTT,47151
ACETAMINOPHEN WITH CODEINE,270.0,21995.0,5.0,OVERTON,47133
ACETAMINOPHEN WITH CODEINE,92.0,22942.0,1.0,GRAINGER,47057
ACETAMINOPHEN WITH CODEINE,61.0,23239.0,2.0,MACON,47111
ACETAMINOPHEN WITH CODEINE,136.0,24502.0,3.0,HICKMAN,47081
ACETAMINOPHEN WITH CODEINE,140.0,25784.0,4.0,HARDEMAN,47069
ACETAMINOPHEN WITH CODEINE,447.0,25813.0,2.0,HARDIN,47071
ACETAMINOPHEN WITH CODEINE,258.0,25945.0,3.0,MC NAIRY,47109
ACETAMINOPHEN WITH CODEINE,511.0,26394.0,0.0,WHITE,47185
ACETAMINOPHEN WITH CODEINE,32.0,26497.0,2.0,LAUDERDALE,47097
ACETAMINOPHEN WITH CODEINE,172.0,27889.0,5.0,HENDERSON,47077
ACETAMINOPHEN WITH CODEINE,171.0,28137.0,2.0,CARROLL,47017
ACETAMINOPHEN WITH CODEINE,37.0,28355.0,2.0,MARION,47115
ACETAMINOPHEN WITH CODEINE,94.0,29024.0,5.0,GILES,47055
ACETAMINOPHEN WITH CODEINE,118.0,30659.0,0.0,OBION,47131
ACETAMINOPHEN WITH CODEINE,738.0,31566.0,2.0,CLAIBORNE,47025
ACETAMINOPHEN WITH CODEINE,51.0,31753.0,6.0,MARSHALL,47117
ACETAMINOPHEN WITH CODEINE,292.0,32263.0,2.0,HENRY,47079
ACETAMINOPHEN WITH CODEINE,202.0,32478.0,4.0,RHEA,47143
ACETAMINOPHEN WITH CODEINE,27.0,33543.0,4.0,LINCOLN,47103
ACETAMINOPHEN WITH CODEINE,428.0,33776.0,1.0,WEAKLEY,47183
ACETAMINOPHEN WITH CODEINE,63.0,35262.0,6.0,COCKE,47029
ACETAMINOPHEN WITH CODEINE,277.0,37751.0,1.0,DYER,47045
ACETAMINOPHEN WITH CODEINE,220.0,39336.0,3.0,FAYETTE,47047
ACETAMINOPHEN WITH CODEINE,339.0,39713.0,24.0,CHEATHAM,47021
ACETAMINOPHEN WITH CODEINE,308.0,39824.0,5.0,CAMPBELL,47013
ACETAMINOPHEN WITH CODEINE,213.0,40210.0,1.0,WARREN,47177
ACETAMINOPHEN WITH CODEINE,85.0,41397.0,3.0,FRANKLIN,47051
ACETAMINOPHEN WITH CODEINE,137.0,42591.0,7.0,LAWRENCE,47099
ACETAMINOPHEN WITH CODEINE,264.0,45698.0,5.0,MONROE,47123
ACETAMINOPHEN WITH CODEINE,48.0,46854.0,3.0,BEDFORD,47003
ACETAMINOPHEN WITH CODEINE,433.0,49222.0,6.0,GIBSON,47053
ACETAMINOPHEN WITH CODEINE,120.0,51024.0,18.0,LOUDON,47105
ACETAMINOPHEN WITH CODEINE,501.0,51341.0,6.0,DICKSON,47043
ACETAMINOPHEN WITH CODEINE,332.0,52569.0,6.0,MC MINN,47107
ACETAMINOPHEN WITH CODEINE,200.0,52887.0,7.0,JEFFERSON,47089
ACETAMINOPHEN WITH CODEINE,780.0,52926.0,16.0,ROANE,47145
ACETAMINOPHEN WITH CODEINE,146.0,54074.0,12.0,COFFEE,47031
ACETAMINOPHEN WITH CODEINE,247.0,56402.0,5.0,HAWKINS,47073
ACETAMINOPHEN WITH CODEINE,285.0,56500.0,16.0,CARTER,47019
ACETAMINOPHEN WITH CODEINE,276.0,58178.0,9.0,CUMBERLAND,47035
ACETAMINOPHEN WITH CODEINE,250.0,61434.0,12.0,TIPTON,47167
ACETAMINOPHEN WITH CODEINE,802.0,63465.0,9.0,HAMBLEN,47063
ACETAMINOPHEN WITH CODEINE,351.0,68520.0,17.0,GREENE,47059
ACETAMINOPHEN WITH CODEINE,273.0,68575.0,15.0,ROBERTSON,47147
ACETAMINOPHEN WITH CODEINE,668.0,75538.0,34.0,ANDERSON,47001
ACETAMINOPHEN WITH CODEINE,252.0,75565.0,10.0,PUTNAM,47141
ACETAMINOPHEN WITH CODEINE,278.0,87606.0,12.0,MAURY,47119
ACETAMINOPHEN WITH CODEINE,150.0,95523.0,24.0,SEVIER,47155
ACETAMINOPHEN WITH CODEINE,1028.0,97887.0,12.0,MADISON,47113
ACETAMINOPHEN WITH CODEINE,192.0,103666.0,14.0,BRADLEY,47011
ACETAMINOPHEN WITH CODEINE,624.0,126437.0,24.0,WASHINGTON,47179
ACETAMINOPHEN WITH CODEINE,582.0,127135.0,29.0,BLOUNT,47009
ACETAMINOPHEN WITH CODEINE,166.0,128874.0,26.0,WILSON,47189
ACETAMINOPHEN WITH CODEINE,792.0,156519.0,29.0,SULLIVAN,47163
ACETAMINOPHEN WITH CODEINE,788.0,175730.0,28.0,SUMNER,47165
ACETAMINOPHEN WITH CODEINE,334.0,192120.0,22.0,MONTGOMERY,47125
ACETAMINOPHEN WITH CODEINE,210.0,212161.0,24.0,WILLIAMSON,47187
ACETAMINOPHEN WITH CODEINE,297.0,298456.0,48.0,RUTHERFORD,47149
ACETAMINOPHEN WITH CODEINE,1816.0,354589.0,60.0,HAMILTON,47065
ACETAMINOPHEN WITH CODEINE,2806.0,452286.0,196.0,KNOX,47093
ACETAMINOPHEN WITH CODEINE,2206.0,678322.0,184.0,DAVIDSON,47037
ACETAMINOPHEN WITH CODEINE,6864.0,937847.0,159.0,SHELBY,47157
ACETAMINOPHEN/CAFF/DIHYDROCOD,11.0,212161.0,24.0,WILLIAMSON,47187
ACETAMINOPHEN/CAFF/DIHYDROCOD,11.0,452286.0,196.0,KNOX,47093
ACETAMINOPHEN/CAFF/DIHYDROCOD,12.0,937847.0,159.0,SHELBY,47157
BUPRENORPHINE,19.0,7684.0,2.0,CLAY,47027
BUPRENORPHINE,14.0,8773.0,2.0,TROUSDALE,47169
BUPRENORPHINE,44.0,13839.0,3.0,CANNON,47015
BUPRENORPHINE,61.0,16154.0,5.0,BENTON,47005
BUPRENORPHINE,37.0,17097.0,1.0,CHESTER,47023
BUPRENORPHINE,13.0,18281.0,4.0,HUMPHREYS,47085
BUPRENORPHINE,31.0,19279.0,2.0,SMITH,47159
BUPRENORPHINE,43.0,19380.0,7.0,DE KALB,47041
BUPRENORPHINE,12.0,21949.0,2.0,SCOTT,47151
BUPRENORPHINE,11.0,25945.0,3.0,MC NAIRY,47109
BUPRENORPHINE,12.0,26394.0,0.0,WHITE,47185
BUPRENORPHINE,17.0,26497.0,2.0,LAUDERDALE,47097
BUPRENORPHINE,33.0,31566.0,2.0,CLAIBORNE,47025
BUPRENORPHINE,72.0,32263.0,2.0,HENRY,47079
BUPRENORPHINE,16.0,32478.0,4.0,RHEA,47143
BUPRENORPHINE,43.0,33776.0,1.0,WEAKLEY,47183
BUPRENORPHINE,23.0,37751.0,1.0,DYER,47045
BUPRENORPHINE,11.0,39336.0,3.0,FAYETTE,47047
BUPRENORPHINE,48.0,40210.0,1.0,WARREN,47177
BUPRENORPHINE,20.0,42591.0,7.0,LAWRENCE,47099
BUPRENORPHINE,11.0,46854.0,3.0,BEDFORD,47003
BUPRENORPHINE,33.0,51341.0,6.0,DICKSON,47043
BUPRENORPHINE,11.0,52887.0,7.0,JEFFERSON,47089
BUPRENORPHINE,15.0,52926.0,16.0,ROANE,47145
BUPRENORPHINE,54.0,54074.0,12.0,COFFEE,47031
BUPRENORPHINE,62.0,58178.0,9.0,CUMBERLAND,47035
BUPRENORPHINE,40.0,61434.0,12.0,TIPTON,47167
BUPRENORPHINE,25.0,63465.0,9.0,HAMBLEN,47063
BUPRENORPHINE,12.0,75538.0,34.0,ANDERSON,47001
BUPRENORPHINE,210.0,75565.0,10.0,PUTNAM,47141
BUPRENORPHINE,13.0,95523.0,24.0,SEVIER,47155
BUPRENORPHINE,71.0,97887.0,12.0,MADISON,47113
BUPRENORPHINE,38.0,103666.0,14.0,BRADLEY,47011
BUPRENORPHINE,225.0,126437.0,24.0,WASHINGTON,47179
BUPRENORPHINE,32.0,127135.0,29.0,BLOUNT,47009
BUPRENORPHINE,104.0,128874.0,26.0,WILSON,47189
BUPRENORPHINE,141.0,156519.0,29.0,SULLIVAN,47163
BUPRENORPHINE,31.0,175730.0,28.0,SUMNER,47165
BUPRENORPHINE,59.0,212161.0,24.0,WILLIAMSON,47187
BUPRENORPHINE,139.0,298456.0,48.0,RUTHERFORD,47149
BUPRENORPHINE,469.0,354589.0,60.0,HAMILTON,47065
BUPRENORPHINE,11.0,452286.0,196.0,KNOX,47093
BUPRENORPHINE,590.0,678322.0,184.0,DAVIDSON,47037
BUPRENORPHINE,339.0,937847.0,159.0,SHELBY,47157
BUPRENORPHINE HCL,12.0,75565.0,10.0,PUTNAM,47141
BUPRENORPHINE HCL,39.0,95523.0,24.0,SEVIER,47155
BUPRENORPHINE HCL,11.0,156519.0,29.0,SULLIVAN,47163
BUTALBIT/ACETAMIN/CAFF/CODEINE,12.0,19279.0,2.0,SMITH,47159
BUTALBIT/ACETAMIN/CAFF/CODEINE,13.0,39336.0,3.0,FAYETTE,47047
BUTALBIT/ACETAMIN/CAFF/CODEINE,25.0,42591.0,7.0,LAWRENCE,47099
BUTALBIT/ACETAMIN/CAFF/CODEINE,11.0,52569.0,6.0,MC MINN,47107
BUTALBIT/ACETAMIN/CAFF/CODEINE,12.0,58178.0,9.0,CUMBERLAND,47035
BUTALBIT/ACETAMIN/CAFF/CODEINE,21.0,63465.0,9.0,HAMBLEN,47063
BUTALBIT/ACETAMIN/CAFF/CODEINE,13.0,75538.0,34.0,ANDERSON,47001
BUTALBIT/ACETAMIN/CAFF/CODEINE,12.0,97887.0,12.0,MADISON,47113
BUTALBIT/ACETAMIN/CAFF/CODEINE,15.0,103666.0,14.0,BRADLEY,47011
BUTALBIT/ACETAMIN/CAFF/CODEINE,12.0,126437.0,24.0,WASHINGTON,47179
BUTALBIT/ACETAMIN/CAFF/CODEINE,31.0,156519.0,29.0,SULLIVAN,47163
BUTALBIT/ACETAMIN/CAFF/CODEINE,13.0,175730.0,28.0,SUMNER,47165
BUTALBIT/ACETAMIN/CAFF/CODEINE,12.0,192120.0,22.0,MONTGOMERY,47125
BUTALBIT/ACETAMIN/CAFF/CODEINE,13.0,212161.0,24.0,WILLIAMSON,47187
BUTALBIT/ACETAMIN/CAFF/CODEINE,13.0,354589.0,60.0,HAMILTON,47065
BUTALBIT/ACETAMIN/CAFF/CODEINE,38.0,452286.0,196.0,KNOX,47093
BUTALBIT/ACETAMIN/CAFF/CODEINE,23.0,678322.0,184.0,DAVIDSON,47037
BUTORPHANOL TARTRATE,12.0,17846.0,1.0,JOHNSON,47091
BUTORPHANOL TARTRATE,11.0,18281.0,4.0,HUMPHREYS,47085
BUTORPHANOL TARTRATE,26.0,19279.0,2.0,SMITH,47159
BUTORPHANOL TARTRATE,13.0,22942.0,1.0,GRAINGER,47057
BUTORPHANOL TARTRATE,22.0,26394.0,0.0,WHITE,47185
BUTORPHANOL TARTRATE,16.0,30659.0,0.0,OBION,47131
BUTORPHANOL TARTRATE,11.0,32478.0,4.0,RHEA,47143
BUTORPHANOL TARTRATE,11.0,33776.0,1.0,WEAKLEY,47183
BUTORPHANOL TARTRATE,24.0,42591.0,7.0,LAWRENCE,47099
BUTORPHANOL TARTRATE,54.0,51341.0,6.0,DICKSON,47043
BUTORPHANOL TARTRATE,88.0,52569.0,6.0,MC MINN,47107
BUTORPHANOL TARTRATE,12.0,56500.0,16.0,CARTER,47019
BUTORPHANOL TARTRATE,25.0,58178.0,9.0,CUMBERLAND,47035
BUTORPHANOL TARTRATE,51.0,63465.0,9.0,HAMBLEN,47063
BUTORPHANOL TARTRATE,11.0,68575.0,15.0,ROBERTSON,47147
BUTORPHANOL TARTRATE,12.0,75538.0,34.0,ANDERSON,47001
BUTORPHANOL TARTRATE,24.0,87606.0,12.0,MAURY,47119
BUTORPHANOL TARTRATE,46.0,97887.0,12.0,MADISON,47113
BUTORPHANOL TARTRATE,18.0,103666.0,14.0,BRADLEY,47011
BUTORPHANOL TARTRATE,92.0,126437.0,24.0,WASHINGTON,47179
BUTORPHANOL TARTRATE,23.0,127135.0,29.0,BLOUNT,47009
BUTORPHANOL TARTRATE,26.0,156519.0,29.0,SULLIVAN,47163
BUTORPHANOL TARTRATE,11.0,175730.0,28.0,SUMNER,47165
BUTORPHANOL TARTRATE,31.0,192120.0,22.0,MONTGOMERY,47125
BUTORPHANOL TARTRATE,36.0,212161.0,24.0,WILLIAMSON,47187
BUTORPHANOL TARTRATE,13.0,298456.0,48.0,RUTHERFORD,47149
BUTORPHANOL TARTRATE,27.0,354589.0,60.0,HAMILTON,47065
BUTORPHANOL TARTRATE,118.0,452286.0,196.0,KNOX,47093
BUTORPHANOL TARTRATE,150.0,678322.0,184.0,DAVIDSON,47037
BUTORPHANOL TARTRATE,131.0,937847.0,159.0,SHELBY,47157
CODEINE SULFATE,12.0,63465.0,9.0,HAMBLEN,47063
CODEINE SULFATE,43.0,68520.0,17.0,GREENE,47059
CODEINE SULFATE,11.0,126437.0,24.0,WASHINGTON,47179
CODEINE SULFATE,15.0,127135.0,29.0,BLOUNT,47009
CODEINE SULFATE,12.0,128874.0,26.0,WILSON,47189
CODEINE SULFATE,12.0,678322.0,184.0,DAVIDSON,47037
CODEINE SULFATE,12.0,937847.0,159.0,SHELBY,47157
CODEINE/BUTALBITAL/ASA/CAFFEIN,13.0,31753.0,6.0,MARSHALL,47117
CODEINE/BUTALBITAL/ASA/CAFFEIN,12.0,35262.0,6.0,COCKE,47029
CODEINE/BUTALBITAL/ASA/CAFFEIN,12.0,52569.0,6.0,MC MINN,47107
CODEINE/BUTALBITAL/ASA/CAFFEIN,13.0,54074.0,12.0,COFFEE,47031
CODEINE/BUTALBITAL/ASA/CAFFEIN,13.0,56402.0,5.0,HAWKINS,47073
CODEINE/BUTALBITAL/ASA/CAFFEIN,17.0,61434.0,12.0,TIPTON,47167
CODEINE/BUTALBITAL/ASA/CAFFEIN,25.0,68520.0,17.0,GREENE,47059
CODEINE/BUTALBITAL/ASA/CAFFEIN,13.0,75538.0,34.0,ANDERSON,47001
CODEINE/BUTALBITAL/ASA/CAFFEIN,13.0,192120.0,22.0,MONTGOMERY,47125
CODEINE/BUTALBITAL/ASA/CAFFEIN,68.0,354589.0,60.0,HAMILTON,47065
CODEINE/BUTALBITAL/ASA/CAFFEIN,60.0,452286.0,196.0,KNOX,47093
CODEINE/BUTALBITAL/ASA/CAFFEIN,38.0,678322.0,184.0,DAVIDSON,47037
CODEINE/BUTALBITAL/ASA/CAFFEIN,72.0,937847.0,159.0,SHELBY,47157
FENTANYL,100.0,5071.0,1.0,PICKETT,47137
FENTANYL,37.0,5675.0,0.0,VAN BUREN,47175
FENTANYL,75.0,6302.0,1.0,MOORE,47127
FENTANYL,12.0,7588.0,0.0,LAKE,47095
FENTANYL,560.0,7684.0,2.0,CLAY,47027
FENTANYL,13.0,7882.0,1.0,PERRY,47135
FENTANYL,85.0,8188.0,1.0,HOUSTON,47083
FENTANYL,91.0,8773.0,2.0,TROUSDALE,47169
FENTANYL,46.0,11573.0,2.0,JACKSON,47087
FENTANYL,32.0,11681.0,0.0,DECATUR,47039
FENTANYL,31.0,11830.0,2.0,MEIGS,47121
FENTANYL,41.0,13248.0,0.0,STEWART,47161
FENTANYL,143.0,13359.0,1.0,GRUNDY,47061
FENTANYL,278.0,13839.0,3.0,CANNON,47015
FENTANYL,33.0,14413.0,2.0,BLEDSOE,47007
FENTANYL,97.0,14554.0,0.0,CROCKETT,47033
FENTANYL,414.0,16154.0,5.0,BENTON,47005
FENTANYL,100.0,16713.0,0.0,WAYNE,47181
FENTANYL,82.0,16722.0,2.0,POLK,47139
FENTANYL,187.0,17097.0,1.0,CHESTER,47023
FENTANYL,142.0,17830.0,7.0,UNICOI,47171
FENTANYL,127.0,17846.0,1.0,JOHNSON,47091
FENTANYL,365.0,17940.0,1.0,FENTRESS,47049
FENTANYL,205.0,17944.0,0.0,HAYWOOD,47075
FENTANYL,147.0,18281.0,4.0,HUMPHREYS,47085
FENTANYL,61.0,19176.0,4.0,UNION,47173
FENTANYL,122.0,19279.0,2.0,SMITH,47159
FENTANYL,132.0,19380.0,7.0,DE KALB,47041
FENTANYL,90.0,21639.0,3.0,MORGAN,47129
FENTANYL,170.0,21949.0,2.0,SCOTT,47151
FENTANYL,215.0,21995.0,5.0,OVERTON,47133
FENTANYL,263.0,22942.0,1.0,GRAINGER,47057
FENTANYL,190.0,23239.0,2.0,MACON,47111
FENTANYL,85.0,24502.0,3.0,HICKMAN,47081
FENTANYL,30.0,25784.0,4.0,HARDEMAN,47069
FENTANYL,287.0,25813.0,2.0,HARDIN,47071
FENTANYL,156.0,25945.0,3.0,MC NAIRY,47109
FENTANYL,127.0,26394.0,0.0,WHITE,47185
FENTANYL,101.0,26497.0,2.0,LAUDERDALE,47097
FENTANYL,60.0,27889.0,5.0,HENDERSON,47077
FENTANYL,140.0,28137.0,2.0,CARROLL,47017
FENTANYL,124.0,28355.0,2.0,MARION,47115
FENTANYL,114.0,29024.0,5.0,GILES,47055
FENTANYL,519.0,30659.0,0.0,OBION,47131
FENTANYL,373.0,31566.0,2.0,CLAIBORNE,47025
FENTANYL,56.0,31753.0,6.0,MARSHALL,47117
FENTANYL,858.0,32263.0,2.0,HENRY,47079
FENTANYL,440.0,32478.0,4.0,RHEA,47143
FENTANYL,76.0,33543.0,4.0,LINCOLN,47103
FENTANYL,215.0,33776.0,1.0,WEAKLEY,47183
FENTANYL,202.0,35262.0,6.0,COCKE,47029
FENTANYL,231.0,37751.0,1.0,DYER,47045
FENTANYL,148.0,39336.0,3.0,FAYETTE,47047
FENTANYL,184.0,39713.0,24.0,CHEATHAM,47021
FENTANYL,82.0,39824.0,5.0,CAMPBELL,47013
FENTANYL,348.0,40210.0,1.0,WARREN,47177
FENTANYL,174.0,41397.0,3.0,FRANKLIN,47051
FENTANYL,460.0,42591.0,7.0,LAWRENCE,47099
FENTANYL,151.0,45698.0,5.0,MONROE,47123
FENTANYL,247.0,46854.0,3.0,BEDFORD,47003
FENTANYL,262.0,49222.0,6.0,GIBSON,47053
FENTANYL,175.0,51024.0,18.0,LOUDON,47105
FENTANYL,553.0,51341.0,6.0,DICKSON,47043
FENTANYL,790.0,52569.0,6.0,MC MINN,47107
FENTANYL,481.0,52887.0,7.0,JEFFERSON,47089
FENTANYL,566.0,52926.0,16.0,ROANE,47145
FENTANYL,1275.0,54074.0,12.0,COFFEE,47031
FENTANYL,247.0,56402.0,5.0,HAWKINS,47073
FENTANYL,144.0,56500.0,16.0,CARTER,47019
FENTANYL,756.0,58178.0,9.0,CUMBERLAND,47035
FENTANYL,502.0,61434.0,12.0,TIPTON,47167
FENTANYL,1589.0,63465.0,9.0,HAMBLEN,47063
FENTANYL,383.0,68520.0,17.0,GREENE,47059
FENTANYL,502.0,68575.0,15.0,ROBERTSON,47147
FENTANYL,498.0,75538.0,34.0,ANDERSON,47001
FENTANYL,1604.0,75565.0,10.0,PUTNAM,47141
FENTANYL,1249.0,87606.0,12.0,MAURY,47119
FENTANYL,299.0,95523.0,24.0,SEVIER,47155
FENTANYL,1081.0,97887.0,12.0,MADISON,47113
FENTANYL,872.0,103666.0,14.0,BRADLEY,47011
FENTANYL,2854.0,126437.0,24.0,WASHINGTON,47179
FENTANYL,527.0,127135.0,29.0,BLOUNT,47009
FENTANYL,1296.0,128874.0,26.0,WILSON,47189
FENTANYL,1910.0,156519.0,29.0,SULLIVAN,47163
FENTANYL,2743.0,175730.0,28.0,SUMNER,47165
FENTANYL,1133.0,192120.0,22.0,MONTGOMERY,47125
FENTANYL,1159.0,212161.0,24.0,WILLIAMSON,47187
FENTANYL,1599.0,298456.0,48.0,RUTHERFORD,47149
FENTANYL,4365.0,354589.0,60.0,HAMILTON,47065
FENTANYL,5120.0,452286.0,196.0,KNOX,47093
FENTANYL,8263.0,678322.0,184.0,DAVIDSON,47037
FENTANYL,6043.0,937847.0,159.0,SHELBY,47157
HYDROCODONE BITARTRATE,20.0,16154.0,5.0,BENTON,47005
HYDROCODONE BITARTRATE,13.0,17097.0,1.0,CHESTER,47023
HYDROCODONE BITARTRATE,15.0,30659.0,0.0,OBION,47131
HYDROCODONE BITARTRATE,20.0,32263.0,2.0,HENRY,47079
HYDROCODONE BITARTRATE,58.0,35262.0,6.0,COCKE,47029
HYDROCODONE BITARTRATE,12.0,46854.0,3.0,BEDFORD,47003
HYDROCODONE BITARTRATE,19.0,51341.0,6.0,DICKSON,47043
HYDROCODONE BITARTRATE,26.0,58178.0,9.0,CUMBERLAND,47035
HYDROCODONE BITARTRATE,16.0,68520.0,17.0,GREENE,47059
HYDROCODONE BITARTRATE,29.0,75565.0,10.0,PUTNAM,47141
HYDROCODONE BITARTRATE,11.0,87606.0,12.0,MAURY,47119
HYDROCODONE BITARTRATE,70.0,126437.0,24.0,WASHINGTON,47179
HYDROCODONE BITARTRATE,137.0,156519.0,29.0,SULLIVAN,47163
HYDROCODONE BITARTRATE,35.0,175730.0,28.0,SUMNER,47165
HYDROCODONE BITARTRATE,12.0,212161.0,24.0,WILLIAMSON,47187
HYDROCODONE BITARTRATE,24.0,298456.0,48.0,RUTHERFORD,47149
HYDROCODONE BITARTRATE,59.0,354589.0,60.0,HAMILTON,47065
HYDROCODONE BITARTRATE,158.0,452286.0,196.0,KNOX,47093
HYDROCODONE BITARTRATE,83.0,678322.0,184.0,DAVIDSON,47037
HYDROCODONE BITARTRATE,150.0,937847.0,159.0,SHELBY,47157
HYDROCODONE/ACETAMINOPHEN,948.0,5071.0,1.0,PICKETT,47137
HYDROCODONE/ACETAMINOPHEN,746.0,5675.0,0.0,VAN BUREN,47175
HYDROCODONE/ACETAMINOPHEN,261.0,6302.0,1.0,MOORE,47127
HYDROCODONE/ACETAMINOPHEN,311.0,6605.0,3.0,HANCOCK,47067
HYDROCODONE/ACETAMINOPHEN,124.0,7588.0,0.0,LAKE,47095
HYDROCODONE/ACETAMINOPHEN,1982.0,7684.0,2.0,CLAY,47027
HYDROCODONE/ACETAMINOPHEN,1477.0,7882.0,1.0,PERRY,47135
HYDROCODONE/ACETAMINOPHEN,704.0,8188.0,1.0,HOUSTON,47083
HYDROCODONE/ACETAMINOPHEN,1660.0,8773.0,2.0,TROUSDALE,47169
HYDROCODONE/ACETAMINOPHEN,392.0,11573.0,2.0,JACKSON,47087
HYDROCODONE/ACETAMINOPHEN,1220.0,11681.0,0.0,DECATUR,47039
HYDROCODONE/ACETAMINOPHEN,638.0,11830.0,2.0,MEIGS,47121
HYDROCODONE/ACETAMINOPHEN,2073.0,11944.0,2.0,LEWIS,47101
HYDROCODONE/ACETAMINOPHEN,792.0,13248.0,0.0,STEWART,47161
HYDROCODONE/ACETAMINOPHEN,1934.0,13359.0,1.0,GRUNDY,47061
HYDROCODONE/ACETAMINOPHEN,1377.0,13839.0,3.0,CANNON,47015
HYDROCODONE/ACETAMINOPHEN,1978.0,14413.0,2.0,BLEDSOE,47007
HYDROCODONE/ACETAMINOPHEN,1666.0,14554.0,0.0,CROCKETT,47033
HYDROCODONE/ACETAMINOPHEN,623.0,14654.0,3.0,SEQUATCHIE,47153
HYDROCODONE/ACETAMINOPHEN,4784.0,16154.0,5.0,BENTON,47005
HYDROCODONE/ACETAMINOPHEN,4106.0,16713.0,0.0,WAYNE,47181
HYDROCODONE/ACETAMINOPHEN,1640.0,16722.0,2.0,POLK,47139
HYDROCODONE/ACETAMINOPHEN,5238.0,17097.0,1.0,CHESTER,47023
HYDROCODONE/ACETAMINOPHEN,3253.0,17830.0,7.0,UNICOI,47171
HYDROCODONE/ACETAMINOPHEN,3171.0,17846.0,1.0,JOHNSON,47091
HYDROCODONE/ACETAMINOPHEN,2884.0,17940.0,1.0,FENTRESS,47049
HYDROCODONE/ACETAMINOPHEN,2258.0,17944.0,0.0,HAYWOOD,47075
HYDROCODONE/ACETAMINOPHEN,2068.0,18281.0,4.0,HUMPHREYS,47085
HYDROCODONE/ACETAMINOPHEN,862.0,19176.0,4.0,UNION,47173
HYDROCODONE/ACETAMINOPHEN,3402.0,19279.0,2.0,SMITH,47159
HYDROCODONE/ACETAMINOPHEN,5228.0,19380.0,7.0,DE KALB,47041
HYDROCODONE/ACETAMINOPHEN,1537.0,21639.0,3.0,MORGAN,47129
HYDROCODONE/ACETAMINOPHEN,10488.0,21949.0,2.0,SCOTT,47151
HYDROCODONE/ACETAMINOPHEN,2222.0,21995.0,5.0,OVERTON,47133
HYDROCODONE/ACETAMINOPHEN,2104.0,22942.0,1.0,GRAINGER,47057
HYDROCODONE/ACETAMINOPHEN,1794.0,23239.0,2.0,MACON,47111
HYDROCODONE/ACETAMINOPHEN,2861.0,24502.0,3.0,HICKMAN,47081
HYDROCODONE/ACETAMINOPHEN,5507.0,25784.0,4.0,HARDEMAN,47069
HYDROCODONE/ACETAMINOPHEN,5941.0,25813.0,2.0,HARDIN,47071
HYDROCODONE/ACETAMINOPHEN,7544.0,25945.0,3.0,MC NAIRY,47109
HYDROCODONE/ACETAMINOPHEN,2196.0,26394.0,0.0,WHITE,47185
HYDROCODONE/ACETAMINOPHEN,4041.0,26497.0,2.0,LAUDERDALE,47097
HYDROCODONE/ACETAMINOPHEN,2668.0,27889.0,5.0,HENDERSON,47077
HYDROCODONE/ACETAMINOPHEN,12093.0,28137.0,2.0,CARROLL,47017
HYDROCODONE/ACETAMINOPHEN,4064.0,28355.0,2.0,MARION,47115
HYDROCODONE/ACETAMINOPHEN,3974.0,29024.0,5.0,GILES,47055
HYDROCODONE/ACETAMINOPHEN,8587.0,30659.0,0.0,OBION,47131
HYDROCODONE/ACETAMINOPHEN,14879.0,31566.0,2.0,CLAIBORNE,47025
HYDROCODONE/ACETAMINOPHEN,3290.0,31753.0,6.0,MARSHALL,47117
HYDROCODONE/ACETAMINOPHEN,10768.0,32263.0,2.0,HENRY,47079
HYDROCODONE/ACETAMINOPHEN,5730.0,32478.0,4.0,RHEA,47143
HYDROCODONE/ACETAMINOPHEN,3368.0,33543.0,4.0,LINCOLN,47103
HYDROCODONE/ACETAMINOPHEN,8700.0,33776.0,1.0,WEAKLEY,47183
HYDROCODONE/ACETAMINOPHEN,6049.0,35262.0,6.0,COCKE,47029
HYDROCODONE/ACETAMINOPHEN,12366.0,37751.0,1.0,DYER,47045
HYDROCODONE/ACETAMINOPHEN,4107.0,39336.0,3.0,FAYETTE,47047
HYDROCODONE/ACETAMINOPHEN,3772.0,39713.0,24.0,CHEATHAM,47021
HYDROCODONE/ACETAMINOPHEN,7737.0,39824.0,5.0,CAMPBELL,47013
HYDROCODONE/ACETAMINOPHEN,8419.0,40210.0,1.0,WARREN,47177
HYDROCODONE/ACETAMINOPHEN,6274.0,41397.0,3.0,FRANKLIN,47051
HYDROCODONE/ACETAMINOPHEN,8862.0,42591.0,7.0,LAWRENCE,47099
HYDROCODONE/ACETAMINOPHEN,9195.0,45698.0,5.0,MONROE,47123
HYDROCODONE/ACETAMINOPHEN,4691.0,46854.0,3.0,BEDFORD,47003
HYDROCODONE/ACETAMINOPHEN,9972.0,49222.0,6.0,GIBSON,47053
HYDROCODONE/ACETAMINOPHEN,4717.0,51024.0,18.0,LOUDON,47105
HYDROCODONE/ACETAMINOPHEN,8310.0,51341.0,6.0,DICKSON,47043
HYDROCODONE/ACETAMINOPHEN,10696.0,52569.0,6.0,MC MINN,47107
HYDROCODONE/ACETAMINOPHEN,12536.0,52887.0,7.0,JEFFERSON,47089
HYDROCODONE/ACETAMINOPHEN,10352.0,52926.0,16.0,ROANE,47145
HYDROCODONE/ACETAMINOPHEN,16657.0,54074.0,12.0,COFFEE,47031
HYDROCODONE/ACETAMINOPHEN,8135.0,56402.0,5.0,HAWKINS,47073
HYDROCODONE/ACETAMINOPHEN,5268.0,56500.0,16.0,CARTER,47019
HYDROCODONE/ACETAMINOPHEN,7196.0,58178.0,9.0,CUMBERLAND,47035
HYDROCODONE/ACETAMINOPHEN,6742.0,61434.0,12.0,TIPTON,47167
HYDROCODONE/ACETAMINOPHEN,21574.0,63465.0,9.0,HAMBLEN,47063
HYDROCODONE/ACETAMINOPHEN,16481.0,68520.0,17.0,GREENE,47059
HYDROCODONE/ACETAMINOPHEN,8790.0,68575.0,15.0,ROBERTSON,47147
HYDROCODONE/ACETAMINOPHEN,14216.0,75538.0,34.0,ANDERSON,47001
HYDROCODONE/ACETAMINOPHEN,17375.0,75565.0,10.0,PUTNAM,47141
HYDROCODONE/ACETAMINOPHEN,19099.0,87606.0,12.0,MAURY,47119
HYDROCODONE/ACETAMINOPHEN,11474.0,95523.0,24.0,SEVIER,47155
HYDROCODONE/ACETAMINOPHEN,36667.0,97887.0,12.0,MADISON,47113
HYDROCODONE/ACETAMINOPHEN,20965.0,103666.0,14.0,BRADLEY,47011
HYDROCODONE/ACETAMINOPHEN,43168.0,126437.0,24.0,WASHINGTON,47179
HYDROCODONE/ACETAMINOPHEN,13769.0,127135.0,29.0,BLOUNT,47009
HYDROCODONE/ACETAMINOPHEN,16226.0,128874.0,26.0,WILSON,47189
HYDROCODONE/ACETAMINOPHEN,49435.0,156519.0,29.0,SULLIVAN,47163
HYDROCODONE/ACETAMINOPHEN,27227.0,175730.0,28.0,SUMNER,47165
HYDROCODONE/ACETAMINOPHEN,15315.0,192120.0,22.0,MONTGOMERY,47125
HYDROCODONE/ACETAMINOPHEN,14823.0,212161.0,24.0,WILLIAMSON,47187
HYDROCODONE/ACETAMINOPHEN,27838.0,298456.0,48.0,RUTHERFORD,47149
HYDROCODONE/ACETAMINOPHEN,87047.0,354589.0,60.0,HAMILTON,47065
HYDROCODONE/ACETAMINOPHEN,83487.0,452286.0,196.0,KNOX,47093
HYDROCODONE/ACETAMINOPHEN,114994.0,678322.0,184.0,DAVIDSON,47037
HYDROCODONE/ACETAMINOPHEN,106174.0,937847.0,159.0,SHELBY,47157
HYDROCODONE/IBUPROFEN,16.0,7684.0,2.0,CLAY,47027
HYDROCODONE/IBUPROFEN,15.0,11944.0,2.0,LEWIS,47101
HYDROCODONE/IBUPROFEN,11.0,16713.0,0.0,WAYNE,47181
HYDROCODONE/IBUPROFEN,11.0,21949.0,2.0,SCOTT,47151
HYDROCODONE/IBUPROFEN,19.0,24502.0,3.0,HICKMAN,47081
HYDROCODONE/IBUPROFEN,12.0,25784.0,4.0,HARDEMAN,47069
HYDROCODONE/IBUPROFEN,24.0,25945.0,3.0,MC NAIRY,47109
HYDROCODONE/IBUPROFEN,12.0,31566.0,2.0,CLAIBORNE,47025
HYDROCODONE/IBUPROFEN,29.0,32478.0,4.0,RHEA,47143
HYDROCODONE/IBUPROFEN,13.0,33776.0,1.0,WEAKLEY,47183
HYDROCODONE/IBUPROFEN,12.0,35262.0,6.0,COCKE,47029
HYDROCODONE/IBUPROFEN,13.0,37751.0,1.0,DYER,47045
HYDROCODONE/IBUPROFEN,25.0,39336.0,3.0,FAYETTE,47047
HYDROCODONE/IBUPROFEN,12.0,45698.0,5.0,MONROE,47123
HYDROCODONE/IBUPROFEN,26.0,49222.0,6.0,GIBSON,47053
HYDROCODONE/IBUPROFEN,14.0,51341.0,6.0,DICKSON,47043
HYDROCODONE/IBUPROFEN,16.0,52887.0,7.0,JEFFERSON,47089
HYDROCODONE/IBUPROFEN,37.0,54074.0,12.0,COFFEE,47031
HYDROCODONE/IBUPROFEN,11.0,56500.0,16.0,CARTER,47019
HYDROCODONE/IBUPROFEN,11.0,68520.0,17.0,GREENE,47059
HYDROCODONE/IBUPROFEN,11.0,75538.0,34.0,ANDERSON,47001
HYDROCODONE/IBUPROFEN,27.0,75565.0,10.0,PUTNAM,47141
HYDROCODONE/IBUPROFEN,12.0,87606.0,12.0,MAURY,47119
HYDROCODONE/IBUPROFEN,116.0,97887.0,12.0,MADISON,47113
HYDROCODONE/IBUPROFEN,18.0,103666.0,14.0,BRADLEY,47011
HYDROCODONE/IBUPROFEN,101.0,126437.0,24.0,WASHINGTON,47179
HYDROCODONE/IBUPROFEN,52.0,156519.0,29.0,SULLIVAN,47163
HYDROCODONE/IBUPROFEN,169.0,354589.0,60.0,HAMILTON,47065
HYDROCODONE/IBUPROFEN,126.0,452286.0,196.0,KNOX,47093
HYDROCODONE/IBUPROFEN,69.0,678322.0,184.0,DAVIDSON,47037
HYDROCODONE/IBUPROFEN,138.0,937847.0,159.0,SHELBY,47157
HYDROMORPHONE HCL,31.0,7684.0,2.0,CLAY,47027
HYDROMORPHONE HCL,30.0,8188.0,1.0,HOUSTON,47083
HYDROMORPHONE HCL,25.0,8773.0,2.0,TROUSDALE,47169
HYDROMORPHONE HCL,39.0,11573.0,2.0,JACKSON,47087
HYDROMORPHONE HCL,12.0,13359.0,1.0,GRUNDY,47061
HYDROMORPHONE HCL,11.0,13839.0,3.0,CANNON,47015
HYDROMORPHONE HCL,16.0,14554.0,0.0,CROCKETT,47033
HYDROMORPHONE HCL,13.0,16154.0,5.0,BENTON,47005
HYDROMORPHONE HCL,86.0,17097.0,1.0,CHESTER,47023
HYDROMORPHONE HCL,22.0,17940.0,1.0,FENTRESS,47049
HYDROMORPHONE HCL,29.0,18281.0,4.0,HUMPHREYS,47085
HYDROMORPHONE HCL,15.0,19176.0,4.0,UNION,47173
HYDROMORPHONE HCL,81.0,19279.0,2.0,SMITH,47159
HYDROMORPHONE HCL,13.0,19380.0,7.0,DE KALB,47041
HYDROMORPHONE HCL,11.0,21949.0,2.0,SCOTT,47151
HYDROMORPHONE HCL,25.0,25813.0,2.0,HARDIN,47071
HYDROMORPHONE HCL,12.0,25945.0,3.0,MC NAIRY,47109
HYDROMORPHONE HCL,36.0,28355.0,2.0,MARION,47115
HYDROMORPHONE HCL,12.0,29024.0,5.0,GILES,47055
HYDROMORPHONE HCL,54.0,31753.0,6.0,MARSHALL,47117
HYDROMORPHONE HCL,50.0,32263.0,2.0,HENRY,47079
HYDROMORPHONE HCL,62.0,32478.0,4.0,RHEA,47143
HYDROMORPHONE HCL,12.0,33543.0,4.0,LINCOLN,47103
HYDROMORPHONE HCL,40.0,33776.0,1.0,WEAKLEY,47183
HYDROMORPHONE HCL,110.0,35262.0,6.0,COCKE,47029
HYDROMORPHONE HCL,65.0,37751.0,1.0,DYER,47045
HYDROMORPHONE HCL,87.0,39336.0,3.0,FAYETTE,47047
HYDROMORPHONE HCL,76.0,39713.0,24.0,CHEATHAM,47021
HYDROMORPHONE HCL,139.0,41397.0,3.0,FRANKLIN,47051
HYDROMORPHONE HCL,58.0,42591.0,7.0,LAWRENCE,47099
HYDROMORPHONE HCL,26.0,46854.0,3.0,BEDFORD,47003
HYDROMORPHONE HCL,76.0,51341.0,6.0,DICKSON,47043
HYDROMORPHONE HCL,30.0,52569.0,6.0,MC MINN,47107
HYDROMORPHONE HCL,39.0,52887.0,7.0,JEFFERSON,47089
HYDROMORPHONE HCL,24.0,52926.0,16.0,ROANE,47145
HYDROMORPHONE HCL,391.0,54074.0,12.0,COFFEE,47031
HYDROMORPHONE HCL,36.0,56402.0,5.0,HAWKINS,47073
HYDROMORPHONE HCL,87.0,58178.0,9.0,CUMBERLAND,47035
HYDROMORPHONE HCL,125.0,61434.0,12.0,TIPTON,47167
HYDROMORPHONE HCL,12.0,63465.0,9.0,HAMBLEN,47063
HYDROMORPHONE HCL,33.0,68520.0,17.0,GREENE,47059
HYDROMORPHONE HCL,51.0,68575.0,15.0,ROBERTSON,47147
HYDROMORPHONE HCL,25.0,75538.0,34.0,ANDERSON,47001
HYDROMORPHONE HCL,276.0,75565.0,10.0,PUTNAM,47141
HYDROMORPHONE HCL,101.0,87606.0,12.0,MAURY,47119
HYDROMORPHONE HCL,23.0,95523.0,24.0,SEVIER,47155
HYDROMORPHONE HCL,116.0,97887.0,12.0,MADISON,47113
HYDROMORPHONE HCL,500.0,103666.0,14.0,BRADLEY,47011
HYDROMORPHONE HCL,223.0,126437.0,24.0,WASHINGTON,47179
HYDROMORPHONE HCL,16.0,127135.0,29.0,BLOUNT,47009
HYDROMORPHONE HCL,152.0,128874.0,26.0,WILSON,47189
HYDROMORPHONE HCL,1025.0,156519.0,29.0,SULLIVAN,47163
HYDROMORPHONE HCL,367.0,175730.0,28.0,SUMNER,47165
HYDROMORPHONE HCL,390.0,192120.0,22.0,MONTGOMERY,47125
HYDROMORPHONE HCL,190.0,212161.0,24.0,WILLIAMSON,47187
HYDROMORPHONE HCL,216.0,298456.0,48.0,RUTHERFORD,47149
HYDROMORPHONE HCL,1950.0,354589.0,60.0,HAMILTON,47065
HYDROMORPHONE HCL,815.0,452286.0,196.0,KNOX,47093
HYDROMORPHONE HCL,1063.0,678322.0,184.0,DAVIDSON,47037
HYDROMORPHONE HCL,989.0,937847.0,159.0,SHELBY,47157
MEPERIDINE HCL,11.0,32263.0,2.0,HENRY,47079
MEPERIDINE HCL,17.0,33776.0,1.0,WEAKLEY,47183
MEPERIDINE HCL,13.0,37751.0,1.0,DYER,47045
MEPERIDINE HCL,13.0,45698.0,5.0,MONROE,47123
MEPERIDINE HCL,14.0,68575.0,15.0,ROBERTSON,47147
MEPERIDINE HCL,12.0,87606.0,12.0,MAURY,47119
MEPERIDINE HCL,12.0,212161.0,24.0,WILLIAMSON,47187
MEPERIDINE HCL,78.0,354589.0,60.0,HAMILTON,47065
MEPERIDINE HCL,23.0,452286.0,196.0,KNOX,47093
MEPERIDINE HCL,147.0,678322.0,184.0,DAVIDSON,47037
MEPERIDINE HCL,96.0,937847.0,159.0,SHELBY,47157
METHADONE HCL,58.0,7684.0,2.0,CLAY,47027
METHADONE HCL,90.0,13359.0,1.0,GRUNDY,47061
METHADONE HCL,59.0,16154.0,5.0,BENTON,47005
METHADONE HCL,35.0,16722.0,2.0,POLK,47139
METHADONE HCL,176.0,17097.0,1.0,CHESTER,47023
METHADONE HCL,14.0,17846.0,1.0,JOHNSON,47091
METHADONE HCL,12.0,17944.0,0.0,HAYWOOD,47075
METHADONE HCL,15.0,19279.0,2.0,SMITH,47159
METHADONE HCL,22.0,21949.0,2.0,SCOTT,47151
METHADONE HCL,21.0,25784.0,4.0,HARDEMAN,47069
METHADONE HCL,21.0,25813.0,2.0,HARDIN,47071
METHADONE HCL,22.0,26394.0,0.0,WHITE,47185
METHADONE HCL,18.0,28355.0,2.0,MARION,47115
METHADONE HCL,18.0,29024.0,5.0,GILES,47055
METHADONE HCL,11.0,30659.0,0.0,OBION,47131
METHADONE HCL,16.0,31566.0,2.0,CLAIBORNE,47025
METHADONE HCL,43.0,31753.0,6.0,MARSHALL,47117
METHADONE HCL,100.0,32263.0,2.0,HENRY,47079
METHADONE HCL,92.0,32478.0,4.0,RHEA,47143
METHADONE HCL,24.0,33543.0,4.0,LINCOLN,47103
METHADONE HCL,36.0,33776.0,1.0,WEAKLEY,47183
METHADONE HCL,12.0,39336.0,3.0,FAYETTE,47047
METHADONE HCL,15.0,39713.0,24.0,CHEATHAM,47021
METHADONE HCL,29.0,39824.0,5.0,CAMPBELL,47013
METHADONE HCL,69.0,42591.0,7.0,LAWRENCE,47099
METHADONE HCL,43.0,45698.0,5.0,MONROE,47123
METHADONE HCL,23.0,49222.0,6.0,GIBSON,47053
METHADONE HCL,26.0,51024.0,18.0,LOUDON,47105
METHADONE HCL,198.0,51341.0,6.0,DICKSON,47043
METHADONE HCL,84.0,52569.0,6.0,MC MINN,47107
METHADONE HCL,11.0,52887.0,7.0,JEFFERSON,47089
METHADONE HCL,28.0,52926.0,16.0,ROANE,47145
METHADONE HCL,495.0,54074.0,12.0,COFFEE,47031
METHADONE HCL,13.0,56402.0,5.0,HAWKINS,47073
METHADONE HCL,26.0,56500.0,16.0,CARTER,47019
METHADONE HCL,41.0,58178.0,9.0,CUMBERLAND,47035
METHADONE HCL,115.0,61434.0,12.0,TIPTON,47167
METHADONE HCL,12.0,63465.0,9.0,HAMBLEN,47063
METHADONE HCL,13.0,68520.0,17.0,GREENE,47059
METHADONE HCL,119.0,68575.0,15.0,ROBERTSON,47147
METHADONE HCL,161.0,75565.0,10.0,PUTNAM,47141
METHADONE HCL,180.0,87606.0,12.0,MAURY,47119
METHADONE HCL,26.0,95523.0,24.0,SEVIER,47155
METHADONE HCL,150.0,97887.0,12.0,MADISON,47113
METHADONE HCL,232.0,103666.0,14.0,BRADLEY,47011
METHADONE HCL,106.0,126437.0,24.0,WASHINGTON,47179
METHADONE HCL,12.0,127135.0,29.0,BLOUNT,47009
METHADONE HCL,128.0,128874.0,26.0,WILSON,47189
METHADONE HCL,1129.0,156519.0,29.0,SULLIVAN,47163
METHADONE HCL,625.0,175730.0,28.0,SUMNER,47165
METHADONE HCL,474.0,192120.0,22.0,MONTGOMERY,47125
METHADONE HCL,584.0,212161.0,24.0,WILLIAMSON,47187
METHADONE HCL,544.0,298456.0,48.0,RUTHERFORD,47149
METHADONE HCL,1843.0,354589.0,60.0,HAMILTON,47065
METHADONE HCL,581.0,452286.0,196.0,KNOX,47093
METHADONE HCL,1939.0,678322.0,184.0,DAVIDSON,47037
METHADONE HCL,3029.0,937847.0,159.0,SHELBY,47157
MORPHINE SULFATE,17.0,5071.0,1.0,PICKETT,47137
MORPHINE SULFATE,77.0,5675.0,0.0,VAN BUREN,47175
MORPHINE SULFATE,20.0,6605.0,3.0,HANCOCK,47067
MORPHINE SULFATE,320.0,7684.0,2.0,CLAY,47027
MORPHINE SULFATE,170.0,7882.0,1.0,PERRY,47135
MORPHINE SULFATE,37.0,8188.0,1.0,HOUSTON,47083
MORPHINE SULFATE,269.0,8773.0,2.0,TROUSDALE,47169
MORPHINE SULFATE,47.0,11573.0,2.0,JACKSON,47087
MORPHINE SULFATE,104.0,11681.0,0.0,DECATUR,47039
MORPHINE SULFATE,892.0,13359.0,1.0,GRUNDY,47061
MORPHINE SULFATE,116.0,13839.0,3.0,CANNON,47015
MORPHINE SULFATE,40.0,14413.0,2.0,BLEDSOE,47007
MORPHINE SULFATE,33.0,14554.0,0.0,CROCKETT,47033
MORPHINE SULFATE,18.0,14654.0,3.0,SEQUATCHIE,47153
MORPHINE SULFATE,1170.0,16154.0,5.0,BENTON,47005
MORPHINE SULFATE,25.0,16713.0,0.0,WAYNE,47181
MORPHINE SULFATE,45.0,16722.0,2.0,POLK,47139
MORPHINE SULFATE,231.0,17097.0,1.0,CHESTER,47023
MORPHINE SULFATE,99.0,17830.0,7.0,UNICOI,47171
MORPHINE SULFATE,198.0,17846.0,1.0,JOHNSON,47091
MORPHINE SULFATE,1266.0,17940.0,1.0,FENTRESS,47049
MORPHINE SULFATE,11.0,17944.0,0.0,HAYWOOD,47075
MORPHINE SULFATE,42.0,18281.0,4.0,HUMPHREYS,47085
MORPHINE SULFATE,345.0,19176.0,4.0,UNION,47173
MORPHINE SULFATE,390.0,19279.0,2.0,SMITH,47159
MORPHINE SULFATE,226.0,19380.0,7.0,DE KALB,47041
MORPHINE SULFATE,570.0,21639.0,3.0,MORGAN,47129
MORPHINE SULFATE,848.0,21949.0,2.0,SCOTT,47151
MORPHINE SULFATE,436.0,21995.0,5.0,OVERTON,47133
MORPHINE SULFATE,66.0,22942.0,1.0,GRAINGER,47057
MORPHINE SULFATE,52.0,24502.0,3.0,HICKMAN,47081
MORPHINE SULFATE,228.0,25784.0,4.0,HARDEMAN,47069
MORPHINE SULFATE,122.0,25813.0,2.0,HARDIN,47071
MORPHINE SULFATE,593.0,25945.0,3.0,MC NAIRY,47109
MORPHINE SULFATE,273.0,26394.0,0.0,WHITE,47185
MORPHINE SULFATE,66.0,26497.0,2.0,LAUDERDALE,47097
MORPHINE SULFATE,104.0,27889.0,5.0,HENDERSON,47077
MORPHINE SULFATE,1434.0,28137.0,2.0,CARROLL,47017
MORPHINE SULFATE,218.0,28355.0,2.0,MARION,47115
MORPHINE SULFATE,224.0,29024.0,5.0,GILES,47055
MORPHINE SULFATE,1615.0,30659.0,0.0,OBION,47131
MORPHINE SULFATE,481.0,31566.0,2.0,CLAIBORNE,47025
MORPHINE SULFATE,667.0,31753.0,6.0,MARSHALL,47117
MORPHINE SULFATE,1736.0,32263.0,2.0,HENRY,47079
MORPHINE SULFATE,1164.0,32478.0,4.0,RHEA,47143
MORPHINE SULFATE,113.0,33543.0,4.0,LINCOLN,47103
MORPHINE SULFATE,507.0,33776.0,1.0,WEAKLEY,47183
MORPHINE SULFATE,728.0,35262.0,6.0,COCKE,47029
MORPHINE SULFATE,625.0,37751.0,1.0,DYER,47045
MORPHINE SULFATE,443.0,39336.0,3.0,FAYETTE,47047
MORPHINE SULFATE,494.0,39713.0,24.0,CHEATHAM,47021
MORPHINE SULFATE,501.0,39824.0,5.0,CAMPBELL,47013
MORPHINE SULFATE,640.0,40210.0,1.0,WARREN,47177
MORPHINE SULFATE,613.0,41397.0,3.0,FRANKLIN,47051
MORPHINE SULFATE,861.0,42591.0,7.0,LAWRENCE,47099
MORPHINE SULFATE,373.0,45698.0,5.0,MONROE,47123
MORPHINE SULFATE,188.0,46854.0,3.0,BEDFORD,47003
MORPHINE SULFATE,373.0,49222.0,6.0,GIBSON,47053
MORPHINE SULFATE,600.0,51024.0,18.0,LOUDON,47105
MORPHINE SULFATE,1563.0,51341.0,6.0,DICKSON,47043
MORPHINE SULFATE,707.0,52569.0,6.0,MC MINN,47107
MORPHINE SULFATE,1070.0,52887.0,7.0,JEFFERSON,47089
MORPHINE SULFATE,1075.0,52926.0,16.0,ROANE,47145
MORPHINE SULFATE,4419.0,54074.0,12.0,COFFEE,47031
MORPHINE SULFATE,479.0,56402.0,5.0,HAWKINS,47073
MORPHINE SULFATE,251.0,56500.0,16.0,CARTER,47019
MORPHINE SULFATE,2106.0,58178.0,9.0,CUMBERLAND,47035
MORPHINE SULFATE,660.0,61434.0,12.0,TIPTON,47167
MORPHINE SULFATE,2745.0,63465.0,9.0,HAMBLEN,47063
MORPHINE SULFATE,1202.0,68520.0,17.0,GREENE,47059
MORPHINE SULFATE,1526.0,68575.0,15.0,ROBERTSON,47147
MORPHINE SULFATE,1955.0,75538.0,34.0,ANDERSON,47001
MORPHINE SULFATE,3509.0,75565.0,10.0,PUTNAM,47141
MORPHINE SULFATE,3973.0,87606.0,12.0,MAURY,47119
MORPHINE SULFATE,763.0,95523.0,24.0,SEVIER,47155
MORPHINE SULFATE,3561.0,97887.0,12.0,MADISON,47113
MORPHINE SULFATE,2926.0,103666.0,14.0,BRADLEY,47011
MORPHINE SULFATE,7158.0,126437.0,24.0,WASHINGTON,47179
MORPHINE SULFATE,900.0,127135.0,29.0,BLOUNT,47009
MORPHINE SULFATE,2531.0,128874.0,26.0,WILSON,47189
MORPHINE SULFATE,5531.0,156519.0,29.0,SULLIVAN,47163
MORPHINE SULFATE,6063.0,175730.0,28.0,SUMNER,47165
MORPHINE SULFATE,3490.0,192120.0,22.0,MONTGOMERY,47125
MORPHINE SULFATE,3690.0,212161.0,24.0,WILLIAMSON,47187
MORPHINE SULFATE,4316.0,298456.0,48.0,RUTHERFORD,47149
MORPHINE SULFATE,12097.0,354589.0,60.0,HAMILTON,47065
MORPHINE SULFATE,19222.0,452286.0,196.0,KNOX,47093
MORPHINE SULFATE,20636.0,678322.0,184.0,DAVIDSON,47037
MORPHINE SULFATE,8638.0,937847.0,159.0,SHELBY,47157
MORPHINE SULFATE/NALTREXONE,21.0,13359.0,1.0,GRUNDY,47061
MORPHINE SULFATE/NALTREXONE,28.0,16154.0,5.0,BENTON,47005
MORPHINE SULFATE/NALTREXONE,42.0,17940.0,1.0,FENTRESS,47049
MORPHINE SULFATE/NALTREXONE,20.0,19279.0,2.0,SMITH,47159
MORPHINE SULFATE/NALTREXONE,23.0,21639.0,3.0,MORGAN,47129
MORPHINE SULFATE/NALTREXONE,33.0,21949.0,2.0,SCOTT,47151
MORPHINE SULFATE/NALTREXONE,17.0,23239.0,2.0,MACON,47111
MORPHINE SULFATE/NALTREXONE,24.0,25945.0,3.0,MC NAIRY,47109
MORPHINE SULFATE/NALTREXONE,18.0,28137.0,2.0,CARROLL,47017
MORPHINE SULFATE/NALTREXONE,18.0,30659.0,0.0,OBION,47131
MORPHINE SULFATE/NALTREXONE,19.0,32263.0,2.0,HENRY,47079
MORPHINE SULFATE/NALTREXONE,53.0,32478.0,4.0,RHEA,47143
MORPHINE SULFATE/NALTREXONE,39.0,35262.0,6.0,COCKE,47029
MORPHINE SULFATE/NALTREXONE,17.0,39713.0,24.0,CHEATHAM,47021
MORPHINE SULFATE/NALTREXONE,70.0,41397.0,3.0,FRANKLIN,47051
MORPHINE SULFATE/NALTREXONE,31.0,42591.0,7.0,LAWRENCE,47099
MORPHINE SULFATE/NALTREXONE,43.0,51341.0,6.0,DICKSON,47043
MORPHINE SULFATE/NALTREXONE,26.0,52569.0,6.0,MC MINN,47107
MORPHINE SULFATE/NALTREXONE,12.0,52926.0,16.0,ROANE,47145
MORPHINE SULFATE/NALTREXONE,82.0,54074.0,12.0,COFFEE,47031
MORPHINE SULFATE/NALTREXONE,66.0,58178.0,9.0,CUMBERLAND,47035
MORPHINE SULFATE/NALTREXONE,11.0,61434.0,12.0,TIPTON,47167
MORPHINE SULFATE/NALTREXONE,107.0,63465.0,9.0,HAMBLEN,47063
MORPHINE SULFATE/NALTREXONE,17.0,68520.0,17.0,GREENE,47059
MORPHINE SULFATE/NALTREXONE,31.0,68575.0,15.0,ROBERTSON,47147
MORPHINE SULFATE/NALTREXONE,16.0,75538.0,34.0,ANDERSON,47001
MORPHINE SULFATE/NALTREXONE,42.0,75565.0,10.0,PUTNAM,47141
MORPHINE SULFATE/NALTREXONE,108.0,87606.0,12.0,MAURY,47119
MORPHINE SULFATE/NALTREXONE,76.0,97887.0,12.0,MADISON,47113
MORPHINE SULFATE/NALTREXONE,71.0,103666.0,14.0,BRADLEY,47011
MORPHINE SULFATE/NALTREXONE,127.0,126437.0,24.0,WASHINGTON,47179
MORPHINE SULFATE/NALTREXONE,12.0,127135.0,29.0,BLOUNT,47009
MORPHINE SULFATE/NALTREXONE,99.0,128874.0,26.0,WILSON,47189
MORPHINE SULFATE/NALTREXONE,141.0,156519.0,29.0,SULLIVAN,47163
MORPHINE SULFATE/NALTREXONE,84.0,175730.0,28.0,SUMNER,47165
MORPHINE SULFATE/NALTREXONE,192.0,192120.0,22.0,MONTGOMERY,47125
MORPHINE SULFATE/NALTREXONE,24.0,212161.0,24.0,WILLIAMSON,47187
MORPHINE SULFATE/NALTREXONE,147.0,298456.0,48.0,RUTHERFORD,47149
MORPHINE SULFATE/NALTREXONE,376.0,354589.0,60.0,HAMILTON,47065
MORPHINE SULFATE/NALTREXONE,179.0,452286.0,196.0,KNOX,47093
MORPHINE SULFATE/NALTREXONE,263.0,678322.0,184.0,DAVIDSON,47037
MORPHINE SULFATE/NALTREXONE,275.0,937847.0,159.0,SHELBY,47157
OXYCODONE HCL,43.0,5071.0,1.0,PICKETT,47137
OXYCODONE HCL,36.0,5675.0,0.0,VAN BUREN,47175
OXYCODONE HCL,81.0,6302.0,1.0,MOORE,47127
OXYCODONE HCL,31.0,6605.0,3.0,HANCOCK,47067
OXYCODONE HCL,633.0,7684.0,2.0,CLAY,47027
OXYCODONE HCL,205.0,7882.0,1.0,PERRY,47135
OXYCODONE HCL,264.0,8188.0,1.0,HOUSTON,47083
OXYCODONE HCL,540.0,8773.0,2.0,TROUSDALE,47169
OXYCODONE HCL,97.0,11681.0,0.0,DECATUR,47039
OXYCODONE HCL,22.0,11830.0,2.0,MEIGS,47121
OXYCODONE HCL,44.0,11944.0,2.0,LEWIS,47101
OXYCODONE HCL,107.0,13248.0,0.0,STEWART,47161
OXYCODONE HCL,1091.0,13359.0,1.0,GRUNDY,47061
OXYCODONE HCL,142.0,13839.0,3.0,CANNON,47015
OXYCODONE HCL,238.0,14413.0,2.0,BLEDSOE,47007
OXYCODONE HCL,11.0,14654.0,3.0,SEQUATCHIE,47153
OXYCODONE HCL,1414.0,16154.0,5.0,BENTON,47005
OXYCODONE HCL,370.0,16713.0,0.0,WAYNE,47181
OXYCODONE HCL,353.0,16722.0,2.0,POLK,47139
OXYCODONE HCL,395.0,17097.0,1.0,CHESTER,47023
OXYCODONE HCL,349.0,17830.0,7.0,UNICOI,47171
OXYCODONE HCL,538.0,17846.0,1.0,JOHNSON,47091
OXYCODONE HCL,3155.0,17940.0,1.0,FENTRESS,47049
OXYCODONE HCL,51.0,17944.0,0.0,HAYWOOD,47075
OXYCODONE HCL,133.0,18281.0,4.0,HUMPHREYS,47085
OXYCODONE HCL,765.0,19176.0,4.0,UNION,47173
OXYCODONE HCL,943.0,19279.0,2.0,SMITH,47159
OXYCODONE HCL,179.0,19380.0,7.0,DE KALB,47041
OXYCODONE HCL,1745.0,21639.0,3.0,MORGAN,47129
OXYCODONE HCL,9052.0,21949.0,2.0,SCOTT,47151
OXYCODONE HCL,842.0,21995.0,5.0,OVERTON,47133
OXYCODONE HCL,151.0,22942.0,1.0,GRAINGER,47057
OXYCODONE HCL,130.0,23239.0,2.0,MACON,47111
OXYCODONE HCL,230.0,24502.0,3.0,HICKMAN,47081
OXYCODONE HCL,84.0,25784.0,4.0,HARDEMAN,47069
OXYCODONE HCL,415.0,25813.0,2.0,HARDIN,47071
OXYCODONE HCL,900.0,25945.0,3.0,MC NAIRY,47109
OXYCODONE HCL,204.0,26394.0,0.0,WHITE,47185
OXYCODONE HCL,177.0,26497.0,2.0,LAUDERDALE,47097
OXYCODONE HCL,196.0,27889.0,5.0,HENDERSON,47077
OXYCODONE HCL,1545.0,28137.0,2.0,CARROLL,47017
OXYCODONE HCL,449.0,28355.0,2.0,MARION,47115
OXYCODONE HCL,435.0,29024.0,5.0,GILES,47055
OXYCODONE HCL,3341.0,30659.0,0.0,OBION,47131
OXYCODONE HCL,683.0,31566.0,2.0,CLAIBORNE,47025
OXYCODONE HCL,1176.0,31753.0,6.0,MARSHALL,47117
OXYCODONE HCL,1874.0,32263.0,2.0,HENRY,47079
OXYCODONE HCL,2586.0,32478.0,4.0,RHEA,47143
OXYCODONE HCL,329.0,33543.0,4.0,LINCOLN,47103
OXYCODONE HCL,1265.0,33776.0,1.0,WEAKLEY,47183
OXYCODONE HCL,1411.0,35262.0,6.0,COCKE,47029
OXYCODONE HCL,688.0,37751.0,1.0,DYER,47045
OXYCODONE HCL,1143.0,39336.0,3.0,FAYETTE,47047
OXYCODONE HCL,1551.0,39713.0,24.0,CHEATHAM,47021
OXYCODONE HCL,3589.0,39824.0,5.0,CAMPBELL,47013
OXYCODONE HCL,645.0,40210.0,1.0,WARREN,47177
OXYCODONE HCL,1189.0,41397.0,3.0,FRANKLIN,47051
OXYCODONE HCL,1773.0,42591.0,7.0,LAWRENCE,47099
OXYCODONE HCL,2760.0,45698.0,5.0,MONROE,47123
OXYCODONE HCL,436.0,46854.0,3.0,BEDFORD,47003
OXYCODONE HCL,300.0,49222.0,6.0,GIBSON,47053
OXYCODONE HCL,1732.0,51024.0,18.0,LOUDON,47105
OXYCODONE HCL,2961.0,51341.0,6.0,DICKSON,47043
OXYCODONE HCL,2552.0,52569.0,6.0,MC MINN,47107
OXYCODONE HCL,4615.0,52887.0,7.0,JEFFERSON,47089
OXYCODONE HCL,4620.0,52926.0,16.0,ROANE,47145
OXYCODONE HCL,6929.0,54074.0,12.0,COFFEE,47031
OXYCODONE HCL,1606.0,56402.0,5.0,HAWKINS,47073
OXYCODONE HCL,1207.0,56500.0,16.0,CARTER,47019
OXYCODONE HCL,4128.0,58178.0,9.0,CUMBERLAND,47035
OXYCODONE HCL,1398.0,61434.0,12.0,TIPTON,47167
OXYCODONE HCL,4408.0,63465.0,9.0,HAMBLEN,47063
OXYCODONE HCL,3375.0,68520.0,17.0,GREENE,47059
OXYCODONE HCL,1973.0,68575.0,15.0,ROBERTSON,47147
OXYCODONE HCL,3688.0,75538.0,34.0,ANDERSON,47001
OXYCODONE HCL,7308.0,75565.0,10.0,PUTNAM,47141
OXYCODONE HCL,5739.0,87606.0,12.0,MAURY,47119
OXYCODONE HCL,2871.0,95523.0,24.0,SEVIER,47155
OXYCODONE HCL,4696.0,97887.0,12.0,MADISON,47113
OXYCODONE HCL,7923.0,103666.0,14.0,BRADLEY,47011
OXYCODONE HCL,14584.0,126437.0,24.0,WASHINGTON,47179
OXYCODONE HCL,2122.0,127135.0,29.0,BLOUNT,47009
OXYCODONE HCL,4841.0,128874.0,26.0,WILSON,47189
OXYCODONE HCL,18865.0,156519.0,29.0,SULLIVAN,47163
OXYCODONE HCL,10398.0,175730.0,28.0,SUMNER,47165
OXYCODONE HCL,10399.0,192120.0,22.0,MONTGOMERY,47125
OXYCODONE HCL,5498.0,212161.0,24.0,WILLIAMSON,47187
OXYCODONE HCL,7171.0,298456.0,48.0,RUTHERFORD,47149
OXYCODONE HCL,19323.0,354589.0,60.0,HAMILTON,47065
OXYCODONE HCL,48014.0,452286.0,196.0,KNOX,47093
OXYCODONE HCL,41518.0,678322.0,184.0,DAVIDSON,47037
OXYCODONE HCL,18244.0,937847.0,159.0,SHELBY,47157
OXYCODONE HCL/ACETAMINOPHEN,251.0,5071.0,1.0,PICKETT,47137
OXYCODONE HCL/ACETAMINOPHEN,174.0,5675.0,0.0,VAN BUREN,47175
OXYCODONE HCL/ACETAMINOPHEN,96.0,6302.0,1.0,MOORE,47127
OXYCODONE HCL/ACETAMINOPHEN,66.0,6605.0,3.0,HANCOCK,47067
OXYCODONE HCL/ACETAMINOPHEN,19.0,7588.0,0.0,LAKE,47095
OXYCODONE HCL/ACETAMINOPHEN,2094.0,7684.0,2.0,CLAY,47027
OXYCODONE HCL/ACETAMINOPHEN,210.0,7882.0,1.0,PERRY,47135
OXYCODONE HCL/ACETAMINOPHEN,306.0,8188.0,1.0,HOUSTON,47083
OXYCODONE HCL/ACETAMINOPHEN,539.0,8773.0,2.0,TROUSDALE,47169
OXYCODONE HCL/ACETAMINOPHEN,310.0,11573.0,2.0,JACKSON,47087
OXYCODONE HCL/ACETAMINOPHEN,171.0,11681.0,0.0,DECATUR,47039
OXYCODONE HCL/ACETAMINOPHEN,373.0,11830.0,2.0,MEIGS,47121
OXYCODONE HCL/ACETAMINOPHEN,240.0,11944.0,2.0,LEWIS,47101
OXYCODONE HCL/ACETAMINOPHEN,144.0,13248.0,0.0,STEWART,47161
OXYCODONE HCL/ACETAMINOPHEN,1606.0,13359.0,1.0,GRUNDY,47061
OXYCODONE HCL/ACETAMINOPHEN,319.0,13839.0,3.0,CANNON,47015
OXYCODONE HCL/ACETAMINOPHEN,400.0,14413.0,2.0,BLEDSOE,47007
OXYCODONE HCL/ACETAMINOPHEN,176.0,14554.0,0.0,CROCKETT,47033
OXYCODONE HCL/ACETAMINOPHEN,320.0,14654.0,3.0,SEQUATCHIE,47153
OXYCODONE HCL/ACETAMINOPHEN,1954.0,16154.0,5.0,BENTON,47005
OXYCODONE HCL/ACETAMINOPHEN,836.0,16713.0,0.0,WAYNE,47181
OXYCODONE HCL/ACETAMINOPHEN,496.0,16722.0,2.0,POLK,47139
OXYCODONE HCL/ACETAMINOPHEN,1628.0,17097.0,1.0,CHESTER,47023
OXYCODONE HCL/ACETAMINOPHEN,680.0,17830.0,7.0,UNICOI,47171
OXYCODONE HCL/ACETAMINOPHEN,871.0,17846.0,1.0,JOHNSON,47091
OXYCODONE HCL/ACETAMINOPHEN,3703.0,17940.0,1.0,FENTRESS,47049
OXYCODONE HCL/ACETAMINOPHEN,163.0,17944.0,0.0,HAYWOOD,47075
OXYCODONE HCL/ACETAMINOPHEN,261.0,18281.0,4.0,HUMPHREYS,47085
OXYCODONE HCL/ACETAMINOPHEN,327.0,19176.0,4.0,UNION,47173
OXYCODONE HCL/ACETAMINOPHEN,2037.0,19279.0,2.0,SMITH,47159
OXYCODONE HCL/ACETAMINOPHEN,1094.0,19380.0,7.0,DE KALB,47041
OXYCODONE HCL/ACETAMINOPHEN,1741.0,21639.0,3.0,MORGAN,47129
OXYCODONE HCL/ACETAMINOPHEN,3714.0,21949.0,2.0,SCOTT,47151
OXYCODONE HCL/ACETAMINOPHEN,1909.0,21995.0,5.0,OVERTON,47133
OXYCODONE HCL/ACETAMINOPHEN,393.0,22942.0,1.0,GRAINGER,47057
OXYCODONE HCL/ACETAMINOPHEN,347.0,23239.0,2.0,MACON,47111
OXYCODONE HCL/ACETAMINOPHEN,631.0,24502.0,3.0,HICKMAN,47081
OXYCODONE HCL/ACETAMINOPHEN,636.0,25784.0,4.0,HARDEMAN,47069
OXYCODONE HCL/ACETAMINOPHEN,1242.0,25813.0,2.0,HARDIN,47071
OXYCODONE HCL/ACETAMINOPHEN,1332.0,25945.0,3.0,MC NAIRY,47109
OXYCODONE HCL/ACETAMINOPHEN,723.0,26394.0,0.0,WHITE,47185
OXYCODONE HCL/ACETAMINOPHEN,914.0,26497.0,2.0,LAUDERDALE,47097
OXYCODONE HCL/ACETAMINOPHEN,288.0,27889.0,5.0,HENDERSON,47077
OXYCODONE HCL/ACETAMINOPHEN,2243.0,28137.0,2.0,CARROLL,47017
OXYCODONE HCL/ACETAMINOPHEN,1217.0,28355.0,2.0,MARION,47115
OXYCODONE HCL/ACETAMINOPHEN,1103.0,29024.0,5.0,GILES,47055
OXYCODONE HCL/ACETAMINOPHEN,3218.0,30659.0,0.0,OBION,47131
OXYCODONE HCL/ACETAMINOPHEN,1578.0,31566.0,2.0,CLAIBORNE,47025
OXYCODONE HCL/ACETAMINOPHEN,1109.0,31753.0,6.0,MARSHALL,47117
OXYCODONE HCL/ACETAMINOPHEN,3645.0,32263.0,2.0,HENRY,47079
OXYCODONE HCL/ACETAMINOPHEN,2735.0,32478.0,4.0,RHEA,47143
OXYCODONE HCL/ACETAMINOPHEN,745.0,33543.0,4.0,LINCOLN,47103
OXYCODONE HCL/ACETAMINOPHEN,1123.0,33776.0,1.0,WEAKLEY,47183
OXYCODONE HCL/ACETAMINOPHEN,1191.0,35262.0,6.0,COCKE,47029
OXYCODONE HCL/ACETAMINOPHEN,3518.0,37751.0,1.0,DYER,47045
OXYCODONE HCL/ACETAMINOPHEN,1411.0,39336.0,3.0,FAYETTE,47047
OXYCODONE HCL/ACETAMINOPHEN,1312.0,39713.0,24.0,CHEATHAM,47021
OXYCODONE HCL/ACETAMINOPHEN,2264.0,39824.0,5.0,CAMPBELL,47013
OXYCODONE HCL/ACETAMINOPHEN,2466.0,40210.0,1.0,WARREN,47177
OXYCODONE HCL/ACETAMINOPHEN,2902.0,41397.0,3.0,FRANKLIN,47051
OXYCODONE HCL/ACETAMINOPHEN,3117.0,42591.0,7.0,LAWRENCE,47099
OXYCODONE HCL/ACETAMINOPHEN,2278.0,45698.0,5.0,MONROE,47123
OXYCODONE HCL/ACETAMINOPHEN,1097.0,46854.0,3.0,BEDFORD,47003
OXYCODONE HCL/ACETAMINOPHEN,1424.0,49222.0,6.0,GIBSON,47053
OXYCODONE HCL/ACETAMINOPHEN,1846.0,51024.0,18.0,LOUDON,47105
OXYCODONE HCL/ACETAMINOPHEN,4128.0,51341.0,6.0,DICKSON,47043
OXYCODONE HCL/ACETAMINOPHEN,4512.0,52569.0,6.0,MC MINN,47107
OXYCODONE HCL/ACETAMINOPHEN,2891.0,52887.0,7.0,JEFFERSON,47089
OXYCODONE HCL/ACETAMINOPHEN,4341.0,52926.0,16.0,ROANE,47145
OXYCODONE HCL/ACETAMINOPHEN,9861.0,54074.0,12.0,COFFEE,47031
OXYCODONE HCL/ACETAMINOPHEN,1850.0,56402.0,5.0,HAWKINS,47073
OXYCODONE HCL/ACETAMINOPHEN,1645.0,56500.0,16.0,CARTER,47019
OXYCODONE HCL/ACETAMINOPHEN,5409.0,58178.0,9.0,CUMBERLAND,47035
OXYCODONE HCL/ACETAMINOPHEN,2221.0,61434.0,12.0,TIPTON,47167
OXYCODONE HCL/ACETAMINOPHEN,7994.0,63465.0,9.0,HAMBLEN,47063
OXYCODONE HCL/ACETAMINOPHEN,3513.0,68520.0,17.0,GREENE,47059
OXYCODONE HCL/ACETAMINOPHEN,3171.0,68575.0,15.0,ROBERTSON,47147
OXYCODONE HCL/ACETAMINOPHEN,9396.0,75538.0,34.0,ANDERSON,47001
OXYCODONE HCL/ACETAMINOPHEN,11921.0,75565.0,10.0,PUTNAM,47141
OXYCODONE HCL/ACETAMINOPHEN,9708.0,87606.0,12.0,MAURY,47119
OXYCODONE HCL/ACETAMINOPHEN,3579.0,95523.0,24.0,SEVIER,47155
OXYCODONE HCL/ACETAMINOPHEN,10219.0,97887.0,12.0,MADISON,47113
OXYCODONE HCL/ACETAMINOPHEN,8918.0,103666.0,14.0,BRADLEY,47011
OXYCODONE HCL/ACETAMINOPHEN,16965.0,126437.0,24.0,WASHINGTON,47179
OXYCODONE HCL/ACETAMINOPHEN,3876.0,127135.0,29.0,BLOUNT,47009
OXYCODONE HCL/ACETAMINOPHEN,7329.0,128874.0,26.0,WILSON,47189
OXYCODONE HCL/ACETAMINOPHEN,21081.0,156519.0,29.0,SULLIVAN,47163
OXYCODONE HCL/ACETAMINOPHEN,13603.0,175730.0,28.0,SUMNER,47165
OXYCODONE HCL/ACETAMINOPHEN,7820.0,192120.0,22.0,MONTGOMERY,47125
OXYCODONE HCL/ACETAMINOPHEN,9884.0,212161.0,24.0,WILLIAMSON,47187
OXYCODONE HCL/ACETAMINOPHEN,14511.0,298456.0,48.0,RUTHERFORD,47149
OXYCODONE HCL/ACETAMINOPHEN,38072.0,354589.0,60.0,HAMILTON,47065
OXYCODONE HCL/ACETAMINOPHEN,39398.0,452286.0,196.0,KNOX,47093
OXYCODONE HCL/ACETAMINOPHEN,55037.0,678322.0,184.0,DAVIDSON,47037
OXYCODONE HCL/ACETAMINOPHEN,43424.0,937847.0,159.0,SHELBY,47157
OXYCODONE HCL/ASPIRIN,12.0,42591.0,7.0,LAWRENCE,47099
OXYCODONE HCL/ASPIRIN,11.0,58178.0,9.0,CUMBERLAND,47035
OXYCODONE HCL/ASPIRIN,11.0,95523.0,24.0,SEVIER,47155
OXYCODONE HCL/ASPIRIN,11.0,354589.0,60.0,HAMILTON,47065
OXYCODONE MYRISTATE,30.0,21639.0,3.0,MORGAN,47129
OXYCODONE MYRISTATE,15.0,21949.0,2.0,SCOTT,47151
OXYCODONE MYRISTATE,47.0,32478.0,4.0,RHEA,47143
OXYCODONE MYRISTATE,25.0,35262.0,6.0,COCKE,47029
OXYCODONE MYRISTATE,18.0,51341.0,6.0,DICKSON,47043
OXYCODONE MYRISTATE,13.0,63465.0,9.0,HAMBLEN,47063
OXYCODONE MYRISTATE,15.0,75538.0,34.0,ANDERSON,47001
OXYCODONE MYRISTATE,57.0,75565.0,10.0,PUTNAM,47141
OXYCODONE MYRISTATE,13.0,87606.0,12.0,MAURY,47119
OXYCODONE MYRISTATE,64.0,103666.0,14.0,BRADLEY,47011
OXYCODONE MYRISTATE,76.0,126437.0,24.0,WASHINGTON,47179
OXYCODONE MYRISTATE,247.0,156519.0,29.0,SULLIVAN,47163
OXYCODONE MYRISTATE,14.0,192120.0,22.0,MONTGOMERY,47125
OXYCODONE MYRISTATE,12.0,354589.0,60.0,HAMILTON,47065
OXYCODONE MYRISTATE,325.0,452286.0,196.0,KNOX,47093
OXYCODONE MYRISTATE,68.0,678322.0,184.0,DAVIDSON,47037
OXYCODONE MYRISTATE,25.0,937847.0,159.0,SHELBY,47157
OXYMORPHONE HCL,29.0,7684.0,2.0,CLAY,47027
OXYMORPHONE HCL,11.0,7882.0,1.0,PERRY,47135
OXYMORPHONE HCL,66.0,8773.0,2.0,TROUSDALE,47169
OXYMORPHONE HCL,141.0,13359.0,1.0,GRUNDY,47061
OXYMORPHONE HCL,88.0,16154.0,5.0,BENTON,47005
OXYMORPHONE HCL,65.0,17097.0,1.0,CHESTER,47023
OXYMORPHONE HCL,268.0,17940.0,1.0,FENTRESS,47049
OXYMORPHONE HCL,136.0,19176.0,4.0,UNION,47173
OXYMORPHONE HCL,74.0,19279.0,2.0,SMITH,47159
OXYMORPHONE HCL,123.0,21639.0,3.0,MORGAN,47129
OXYMORPHONE HCL,131.0,21949.0,2.0,SCOTT,47151
OXYMORPHONE HCL,71.0,21995.0,5.0,OVERTON,47133
OXYMORPHONE HCL,40.0,23239.0,2.0,MACON,47111
OXYMORPHONE HCL,20.0,25813.0,2.0,HARDIN,47071
OXYMORPHONE HCL,11.0,25945.0,3.0,MC NAIRY,47109
OXYMORPHONE HCL,22.0,28137.0,2.0,CARROLL,47017
OXYMORPHONE HCL,25.0,29024.0,5.0,GILES,47055
OXYMORPHONE HCL,574.0,30659.0,0.0,OBION,47131
OXYMORPHONE HCL,55.0,31566.0,2.0,CLAIBORNE,47025
OXYMORPHONE HCL,50.0,31753.0,6.0,MARSHALL,47117
OXYMORPHONE HCL,127.0,32263.0,2.0,HENRY,47079
OXYMORPHONE HCL,168.0,32478.0,4.0,RHEA,47143
OXYMORPHONE HCL,38.0,33543.0,4.0,LINCOLN,47103
OXYMORPHONE HCL,20.0,33776.0,1.0,WEAKLEY,47183
OXYMORPHONE HCL,664.0,35262.0,6.0,COCKE,47029
OXYMORPHONE HCL,24.0,39336.0,3.0,FAYETTE,47047
OXYMORPHONE HCL,285.0,39713.0,24.0,CHEATHAM,47021
OXYMORPHONE HCL,1698.0,39824.0,5.0,CAMPBELL,47013
OXYMORPHONE HCL,36.0,42591.0,7.0,LAWRENCE,47099
OXYMORPHONE HCL,895.0,45698.0,5.0,MONROE,47123
OXYMORPHONE HCL,126.0,51024.0,18.0,LOUDON,47105
OXYMORPHONE HCL,287.0,51341.0,6.0,DICKSON,47043
OXYMORPHONE HCL,123.0,52569.0,6.0,MC MINN,47107
OXYMORPHONE HCL,730.0,52887.0,7.0,JEFFERSON,47089
OXYMORPHONE HCL,266.0,52926.0,16.0,ROANE,47145
OXYMORPHONE HCL,475.0,54074.0,12.0,COFFEE,47031
OXYMORPHONE HCL,41.0,56402.0,5.0,HAWKINS,47073
OXYMORPHONE HCL,27.0,56500.0,16.0,CARTER,47019
OXYMORPHONE HCL,485.0,58178.0,9.0,CUMBERLAND,47035
OXYMORPHONE HCL,657.0,63465.0,9.0,HAMBLEN,47063
OXYMORPHONE HCL,352.0,68520.0,17.0,GREENE,47059
OXYMORPHONE HCL,152.0,68575.0,15.0,ROBERTSON,47147
OXYMORPHONE HCL,716.0,75538.0,34.0,ANDERSON,47001
OXYMORPHONE HCL,600.0,75565.0,10.0,PUTNAM,47141
OXYMORPHONE HCL,627.0,87606.0,12.0,MAURY,47119
OXYMORPHONE HCL,41.0,95523.0,24.0,SEVIER,47155
OXYMORPHONE HCL,280.0,97887.0,12.0,MADISON,47113
OXYMORPHONE HCL,769.0,103666.0,14.0,BRADLEY,47011
OXYMORPHONE HCL,1301.0,126437.0,24.0,WASHINGTON,47179
OXYMORPHONE HCL,41.0,127135.0,29.0,BLOUNT,47009
OXYMORPHONE HCL,332.0,128874.0,26.0,WILSON,47189
OXYMORPHONE HCL,1269.0,156519.0,29.0,SULLIVAN,47163
OXYMORPHONE HCL,745.0,175730.0,28.0,SUMNER,47165
OXYMORPHONE HCL,2315.0,192120.0,22.0,MONTGOMERY,47125
OXYMORPHONE HCL,343.0,212161.0,24.0,WILLIAMSON,47187
OXYMORPHONE HCL,857.0,298456.0,48.0,RUTHERFORD,47149
OXYMORPHONE HCL,1353.0,354589.0,60.0,HAMILTON,47065
OXYMORPHONE HCL,9577.0,452286.0,196.0,KNOX,47093
OXYMORPHONE HCL,2063.0,678322.0,184.0,DAVIDSON,47037
OXYMORPHONE HCL,327.0,937847.0,159.0,SHELBY,47157
PENTAZOCINE HCL/NALOXONE HCL,18.0,17846.0,1.0,JOHNSON,47091
PENTAZOCINE HCL/NALOXONE HCL,13.0,29024.0,5.0,GILES,47055
PENTAZOCINE HCL/NALOXONE HCL,13.0,30659.0,0.0,OBION,47131
PENTAZOCINE HCL/NALOXONE HCL,15.0,41397.0,3.0,FRANKLIN,47051
PENTAZOCINE HCL/NALOXONE HCL,13.0,51341.0,6.0,DICKSON,47043
PENTAZOCINE HCL/NALOXONE HCL,33.0,52569.0,6.0,MC MINN,47107
PENTAZOCINE HCL/NALOXONE HCL,11.0,54074.0,12.0,COFFEE,47031
PENTAZOCINE HCL/NALOXONE HCL,13.0,68520.0,17.0,GREENE,47059
PENTAZOCINE HCL/NALOXONE HCL,12.0,87606.0,12.0,MAURY,47119
PENTAZOCINE HCL/NALOXONE HCL,13.0,95523.0,24.0,SEVIER,47155
PENTAZOCINE HCL/NALOXONE HCL,11.0,175730.0,28.0,SUMNER,47165
PENTAZOCINE HCL/NALOXONE HCL,34.0,452286.0,196.0,KNOX,47093
PENTAZOCINE HCL/NALOXONE HCL,37.0,678322.0,184.0,DAVIDSON,47037
TAPENTADOL HCL,114.0,16154.0,5.0,BENTON,47005
TAPENTADOL HCL,12.0,16713.0,0.0,WAYNE,47181
TAPENTADOL HCL,11.0,25784.0,4.0,HARDEMAN,47069
TAPENTADOL HCL,12.0,26394.0,0.0,WHITE,47185
TAPENTADOL HCL,12.0,27889.0,5.0,HENDERSON,47077
TAPENTADOL HCL,31.0,30659.0,0.0,OBION,47131
TAPENTADOL HCL,40.0,32263.0,2.0,HENRY,47079
TAPENTADOL HCL,26.0,32478.0,4.0,RHEA,47143
TAPENTADOL HCL,113.0,41397.0,3.0,FRANKLIN,47051
TAPENTADOL HCL,22.0,42591.0,7.0,LAWRENCE,47099
TAPENTADOL HCL,92.0,51341.0,6.0,DICKSON,47043
TAPENTADOL HCL,14.0,52569.0,6.0,MC MINN,47107
TAPENTADOL HCL,103.0,54074.0,12.0,COFFEE,47031
TAPENTADOL HCL,23.0,58178.0,9.0,CUMBERLAND,47035
TAPENTADOL HCL,13.0,61434.0,12.0,TIPTON,47167
TAPENTADOL HCL,43.0,63465.0,9.0,HAMBLEN,47063
TAPENTADOL HCL,16.0,68520.0,17.0,GREENE,47059
TAPENTADOL HCL,33.0,68575.0,15.0,ROBERTSON,47147
TAPENTADOL HCL,103.0,75565.0,10.0,PUTNAM,47141
TAPENTADOL HCL,66.0,87606.0,12.0,MAURY,47119
TAPENTADOL HCL,139.0,97887.0,12.0,MADISON,47113
TAPENTADOL HCL,179.0,126437.0,24.0,WASHINGTON,47179
TAPENTADOL HCL,89.0,128874.0,26.0,WILSON,47189
TAPENTADOL HCL,205.0,156519.0,29.0,SULLIVAN,47163
TAPENTADOL HCL,104.0,175730.0,28.0,SUMNER,47165
TAPENTADOL HCL,56.0,192120.0,22.0,MONTGOMERY,47125
TAPENTADOL HCL,67.0,212161.0,24.0,WILLIAMSON,47187
TAPENTADOL HCL,316.0,298456.0,48.0,RUTHERFORD,47149
TAPENTADOL HCL,410.0,354589.0,60.0,HAMILTON,47065
TAPENTADOL HCL,127.0,452286.0,196.0,KNOX,47093
TAPENTADOL HCL,299.0,678322.0,184.0,DAVIDSON,47037
TAPENTADOL HCL,153.0,937847.0,159.0,SHELBY,47157
TRAMADOL HCL,458.0,5071.0,1.0,PICKETT,47137
TRAMADOL HCL,165.0,5675.0,0.0,VAN BUREN,47175
TRAMADOL HCL,195.0,6302.0,1.0,MOORE,47127
TRAMADOL HCL,262.0,6605.0,3.0,HANCOCK,47067
TRAMADOL HCL,65.0,7588.0,0.0,LAKE,47095
TRAMADOL HCL,683.0,7684.0,2.0,CLAY,47027
TRAMADOL HCL,452.0,7882.0,1.0,PERRY,47135
TRAMADOL HCL,373.0,8188.0,1.0,HOUSTON,47083
TRAMADOL HCL,131.0,8773.0,2.0,TROUSDALE,47169
TRAMADOL HCL,179.0,11573.0,2.0,JACKSON,47087
TRAMADOL HCL,450.0,11681.0,0.0,DECATUR,47039
TRAMADOL HCL,188.0,11830.0,2.0,MEIGS,47121
TRAMADOL HCL,559.0,11944.0,2.0,LEWIS,47101
TRAMADOL HCL,292.0,13248.0,0.0,STEWART,47161
TRAMADOL HCL,413.0,13359.0,1.0,GRUNDY,47061
TRAMADOL HCL,373.0,13839.0,3.0,CANNON,47015
TRAMADOL HCL,452.0,14413.0,2.0,BLEDSOE,47007
TRAMADOL HCL,667.0,14554.0,0.0,CROCKETT,47033
TRAMADOL HCL,302.0,14654.0,3.0,SEQUATCHIE,47153
TRAMADOL HCL,554.0,16154.0,5.0,BENTON,47005
TRAMADOL HCL,1047.0,16713.0,0.0,WAYNE,47181
TRAMADOL HCL,404.0,16722.0,2.0,POLK,47139
TRAMADOL HCL,1394.0,17097.0,1.0,CHESTER,47023
TRAMADOL HCL,1379.0,17830.0,7.0,UNICOI,47171
TRAMADOL HCL,1086.0,17846.0,1.0,JOHNSON,47091
TRAMADOL HCL,762.0,17940.0,1.0,FENTRESS,47049
TRAMADOL HCL,1350.0,17944.0,0.0,HAYWOOD,47075
TRAMADOL HCL,487.0,18281.0,4.0,HUMPHREYS,47085
TRAMADOL HCL,588.0,19176.0,4.0,UNION,47173
TRAMADOL HCL,572.0,19279.0,2.0,SMITH,47159
TRAMADOL HCL,977.0,19380.0,7.0,DE KALB,47041
TRAMADOL HCL,242.0,21639.0,3.0,MORGAN,47129
TRAMADOL HCL,1433.0,21949.0,2.0,SCOTT,47151
TRAMADOL HCL,870.0,21995.0,5.0,OVERTON,47133
TRAMADOL HCL,593.0,22942.0,1.0,GRAINGER,47057
TRAMADOL HCL,666.0,23239.0,2.0,MACON,47111
TRAMADOL HCL,745.0,24502.0,3.0,HICKMAN,47081
TRAMADOL HCL,858.0,25784.0,4.0,HARDEMAN,47069
TRAMADOL HCL,2873.0,25813.0,2.0,HARDIN,47071
TRAMADOL HCL,2092.0,25945.0,3.0,MC NAIRY,47109
TRAMADOL HCL,1337.0,26394.0,0.0,WHITE,47185
TRAMADOL HCL,822.0,26497.0,2.0,LAUDERDALE,47097
TRAMADOL HCL,1398.0,27889.0,5.0,HENDERSON,47077
TRAMADOL HCL,1803.0,28137.0,2.0,CARROLL,47017
TRAMADOL HCL,1458.0,28355.0,2.0,MARION,47115
TRAMADOL HCL,1174.0,29024.0,5.0,GILES,47055
TRAMADOL HCL,1652.0,30659.0,0.0,OBION,47131
TRAMADOL HCL,2395.0,31566.0,2.0,CLAIBORNE,47025
TRAMADOL HCL,1074.0,31753.0,6.0,MARSHALL,47117
TRAMADOL HCL,2302.0,32263.0,2.0,HENRY,47079
TRAMADOL HCL,1429.0,32478.0,4.0,RHEA,47143
TRAMADOL HCL,1184.0,33543.0,4.0,LINCOLN,47103
TRAMADOL HCL,1744.0,33776.0,1.0,WEAKLEY,47183
TRAMADOL HCL,1597.0,35262.0,6.0,COCKE,47029
TRAMADOL HCL,2580.0,37751.0,1.0,DYER,47045
TRAMADOL HCL,923.0,39336.0,3.0,FAYETTE,47047
TRAMADOL HCL,1205.0,39713.0,24.0,CHEATHAM,47021
TRAMADOL HCL,2479.0,39824.0,5.0,CAMPBELL,47013
TRAMADOL HCL,2495.0,40210.0,1.0,WARREN,47177
TRAMADOL HCL,2003.0,41397.0,3.0,FRANKLIN,47051
TRAMADOL HCL,1854.0,42591.0,7.0,LAWRENCE,47099
TRAMADOL HCL,2318.0,45698.0,5.0,MONROE,47123
TRAMADOL HCL,1473.0,46854.0,3.0,BEDFORD,47003
TRAMADOL HCL,3479.0,49222.0,6.0,GIBSON,47053
TRAMADOL HCL,1706.0,51024.0,18.0,LOUDON,47105
TRAMADOL HCL,3105.0,51341.0,6.0,DICKSON,47043
TRAMADOL HCL,3052.0,52569.0,6.0,MC MINN,47107
TRAMADOL HCL,3840.0,52887.0,7.0,JEFFERSON,47089
TRAMADOL HCL,2523.0,52926.0,16.0,ROANE,47145
TRAMADOL HCL,2907.0,54074.0,12.0,COFFEE,47031
TRAMADOL HCL,2350.0,56402.0,5.0,HAWKINS,47073
TRAMADOL HCL,2320.0,56500.0,16.0,CARTER,47019
TRAMADOL HCL,3484.0,58178.0,9.0,CUMBERLAND,47035
TRAMADOL HCL,1620.0,61434.0,12.0,TIPTON,47167
TRAMADOL HCL,5128.0,63465.0,9.0,HAMBLEN,47063
TRAMADOL HCL,5665.0,68520.0,17.0,GREENE,47059
TRAMADOL HCL,2521.0,68575.0,15.0,ROBERTSON,47147
TRAMADOL HCL,3600.0,75538.0,34.0,ANDERSON,47001
TRAMADOL HCL,5087.0,75565.0,10.0,PUTNAM,47141
TRAMADOL HCL,5489.0,87606.0,12.0,MAURY,47119
TRAMADOL HCL,3966.0,95523.0,24.0,SEVIER,47155
TRAMADOL HCL,9537.0,97887.0,12.0,MADISON,47113
TRAMADOL HCL,4626.0,103666.0,14.0,BRADLEY,47011
TRAMADOL HCL,13995.0,126437.0,24.0,WASHINGTON,47179
TRAMADOL HCL,5323.0,127135.0,29.0,BLOUNT,47009
TRAMADOL HCL,4112.0,128874.0,26.0,WILSON,47189
TRAMADOL HCL,15672.0,156519.0,29.0,SULLIVAN,47163
TRAMADOL HCL,7413.0,175730.0,28.0,SUMNER,47165
TRAMADOL HCL,3222.0,192120.0,22.0,MONTGOMERY,47125
TRAMADOL HCL,4452.0,212161.0,24.0,WILLIAMSON,47187
TRAMADOL HCL,7226.0,298456.0,48.0,RUTHERFORD,47149
TRAMADOL HCL,29404.0,354589.0,60.0,HAMILTON,47065
TRAMADOL HCL,31893.0,452286.0,196.0,KNOX,47093
TRAMADOL HCL,34438.0,678322.0,184.0,DAVIDSON,47037
TRAMADOL HCL,37988.0,937847.0,159.0,SHELBY,47157
TRAMADOL HCL/ACETAMINOPHEN,16.0,11573.0,2.0,JACKSON,47087
TRAMADOL HCL/ACETAMINOPHEN,23.0,11830.0,2.0,MEIGS,47121
TRAMADOL HCL/ACETAMINOPHEN,24.0,14654.0,3.0,SEQUATCHIE,47153
TRAMADOL HCL/ACETAMINOPHEN,12.0,19176.0,4.0,UNION,47173
TRAMADOL HCL/ACETAMINOPHEN,79.0,19380.0,7.0,DE KALB,47041
TRAMADOL HCL/ACETAMINOPHEN,70.0,25784.0,4.0,HARDEMAN,47069
TRAMADOL HCL/ACETAMINOPHEN,26.0,25945.0,3.0,MC NAIRY,47109
TRAMADOL HCL/ACETAMINOPHEN,43.0,28137.0,2.0,CARROLL,47017
TRAMADOL HCL/ACETAMINOPHEN,34.0,30659.0,0.0,OBION,47131
TRAMADOL HCL/ACETAMINOPHEN,19.0,32478.0,4.0,RHEA,47143
TRAMADOL HCL/ACETAMINOPHEN,98.0,33776.0,1.0,WEAKLEY,47183
TRAMADOL HCL/ACETAMINOPHEN,11.0,40210.0,1.0,WARREN,47177
TRAMADOL HCL/ACETAMINOPHEN,231.0,41397.0,3.0,FRANKLIN,47051
TRAMADOL HCL/ACETAMINOPHEN,19.0,42591.0,7.0,LAWRENCE,47099
TRAMADOL HCL/ACETAMINOPHEN,41.0,45698.0,5.0,MONROE,47123
TRAMADOL HCL/ACETAMINOPHEN,60.0,46854.0,3.0,BEDFORD,47003
TRAMADOL HCL/ACETAMINOPHEN,67.0,49222.0,6.0,GIBSON,47053
TRAMADOL HCL/ACETAMINOPHEN,96.0,51024.0,18.0,LOUDON,47105
TRAMADOL HCL/ACETAMINOPHEN,27.0,51341.0,6.0,DICKSON,47043
TRAMADOL HCL/ACETAMINOPHEN,23.0,52569.0,6.0,MC MINN,47107
TRAMADOL HCL/ACETAMINOPHEN,12.0,52887.0,7.0,JEFFERSON,47089
TRAMADOL HCL/ACETAMINOPHEN,102.0,54074.0,12.0,COFFEE,47031
TRAMADOL HCL/ACETAMINOPHEN,13.0,56402.0,5.0,HAWKINS,47073
TRAMADOL HCL/ACETAMINOPHEN,34.0,56500.0,16.0,CARTER,47019
TRAMADOL HCL/ACETAMINOPHEN,48.0,63465.0,9.0,HAMBLEN,47063
TRAMADOL HCL/ACETAMINOPHEN,26.0,68520.0,17.0,GREENE,47059
TRAMADOL HCL/ACETAMINOPHEN,22.0,68575.0,15.0,ROBERTSON,47147
TRAMADOL HCL/ACETAMINOPHEN,28.0,75538.0,34.0,ANDERSON,47001
TRAMADOL HCL/ACETAMINOPHEN,100.0,75565.0,10.0,PUTNAM,47141
TRAMADOL HCL/ACETAMINOPHEN,251.0,87606.0,12.0,MAURY,47119
TRAMADOL HCL/ACETAMINOPHEN,39.0,95523.0,24.0,SEVIER,47155
TRAMADOL HCL/ACETAMINOPHEN,226.0,97887.0,12.0,MADISON,47113
TRAMADOL HCL/ACETAMINOPHEN,97.0,103666.0,14.0,BRADLEY,47011
TRAMADOL HCL/ACETAMINOPHEN,64.0,126437.0,24.0,WASHINGTON,47179
TRAMADOL HCL/ACETAMINOPHEN,102.0,127135.0,29.0,BLOUNT,47009
TRAMADOL HCL/ACETAMINOPHEN,178.0,156519.0,29.0,SULLIVAN,47163
TRAMADOL HCL/ACETAMINOPHEN,192.0,175730.0,28.0,SUMNER,47165
TRAMADOL HCL/ACETAMINOPHEN,33.0,192120.0,22.0,MONTGOMERY,47125
TRAMADOL HCL/ACETAMINOPHEN,229.0,212161.0,24.0,WILLIAMSON,47187
TRAMADOL HCL/ACETAMINOPHEN,47.0,298456.0,48.0,RUTHERFORD,47149
TRAMADOL HCL/ACETAMINOPHEN,955.0,354589.0,60.0,HAMILTON,47065
TRAMADOL HCL/ACETAMINOPHEN,317.0,452286.0,196.0,KNOX,47093
TRAMADOL HCL/ACETAMINOPHEN,949.0,678322.0,184.0,DAVIDSON,47037
TRAMADOL HCL/ACETAMINOPHEN,635.0,937847.0,159.0,SHELBY,47157
